id,name,level,parent_id,parent_name,path,classification,decision_basis
1,航空航天,1,,,航空航天,,
1-1,研发设计,2,1,航空航天,航空航天/研发设计,,
1-1-1,航空研发设计,3,1-1,研发设计,航空航天/研发设计/航空研发设计,,
1-1-1-1,总体设计,4,1-1-1,航空研发设计,航空航天/研发设计/航空研发设计/总体设计,,
1-1-1-1-1,气动设计,5,1-1-1-1,总体设计,航空航天/研发设计/航空研发设计/总体设计/气动设计,,
1-1-1-1-1-1,翼型设计,6,1-1-1-1-1,气动设计,航空航天/研发设计/航空研发设计/总体设计/气动设计/翼型设计,,
1-1-1-1-1-2,机身气动优化,6,1-1-1-1-1,气动设计,航空航天/研发设计/航空研发设计/总体设计/气动设计/机身气动优化,,
1-1-1-1-1-3,进气道设计,6,1-1-1-1-1,气动设计,航空航天/研发设计/航空研发设计/总体设计/气动设计/进气道设计,,
1-1-1-1-1-4,尾翼气动设计,6,1-1-1-1-1,气动设计,航空航天/研发设计/航空研发设计/总体设计/气动设计/尾翼气动设计,,
1-1-1-1-1-5,短舱气动设计,6,1-1-1-1-1,气动设计,航空航天/研发设计/航空研发设计/总体设计/气动设计/短舱气动设计,,
1-1-1-1-1-6,气动噪声分析,6,1-1-1-1-1,气动设计,航空航天/研发设计/航空研发设计/总体设计/气动设计/气动噪声分析,,
1-1-1-1-2,布局设计,5,1-1-1-1,总体设计,航空航天/研发设计/航空研发设计/总体设计/布局设计,,
1-1-1-1-2-1,翼身布局,6,1-1-1-1-2,布局设计,航空航天/研发设计/航空研发设计/总体设计/布局设计/翼身布局,,
1-1-1-1-2-2,尾翼布局,6,1-1-1-1-2,布局设计,航空航天/研发设计/航空研发设计/总体设计/布局设计/尾翼布局,,
1-1-1-1-2-3,发动机布局,6,1-1-1-1-2,布局设计,航空航天/研发设计/航空研发设计/总体设计/布局设计/发动机布局,,
1-1-1-1-2-4,起落架布局,6,1-1-1-1-2,布局设计,航空航天/研发设计/航空研发设计/总体设计/布局设计/起落架布局,,
1-1-1-1-3,性能分析,5,1-1-1-1,总体设计,航空航天/研发设计/航空研发设计/总体设计/性能分析,,
1-1-1-1-3-1,飞行性能计算,6,1-1-1-1-3,性能分析,航空航天/研发设计/航空研发设计/总体设计/性能分析/飞行性能计算,,
1-1-1-1-3-2,操稳特性分析,6,1-1-1-1-3,性能分析,航空航天/研发设计/航空研发设计/总体设计/性能分析/操稳特性分析,,
1-1-1-1-3-3,载荷分析,6,1-1-1-1-3,性能分析,航空航天/研发设计/航空研发设计/总体设计/性能分析/载荷分析,,
1-1-1-1-3-4,重量估算,6,1-1-1-1-3,性能分析,航空航天/研发设计/航空研发设计/总体设计/性能分析/重量估算,,
1-1-1-2,结构设计,4,1-1-1,航空研发设计,航空航天/研发设计/航空研发设计/结构设计,,
1-1-1-2-1,机体结构设计,5,1-1-1-2,结构设计,航空航天/研发设计/航空研发设计/结构设计/机体结构设计,,
1-1-1-2-1-1,机翼结构设计,6,1-1-1-2-1,机体结构设计,航空航天/研发设计/航空研发设计/结构设计/机体结构设计/机翼结构设计,,
1-1-1-2-1-2,机身结构设计,6,1-1-1-2-1,机体结构设计,航空航天/研发设计/航空研发设计/结构设计/机体结构设计/机身结构设计,,
1-1-1-2-1-3,尾翼结构设计,6,1-1-1-2-1,机体结构设计,航空航天/研发设计/航空研发设计/结构设计/机体结构设计/尾翼结构设计,,
1-1-1-2-1-4,舱门结构设计,6,1-1-1-2-1,机体结构设计,航空航天/研发设计/航空研发设计/结构设计/机体结构设计/舱门结构设计,,
1-1-1-2-2,强度设计,5,1-1-1-2,结构设计,航空航天/研发设计/航空研发设计/结构设计/强度设计,,
1-1-1-2-2-1,静强度分析,6,1-1-1-2-2,强度设计,航空航天/研发设计/航空研发设计/结构设计/强度设计/静强度分析,,
1-1-1-2-2-2,疲劳分析,6,1-1-1-2-2,强度设计,航空航天/研发设计/航空研发设计/结构设计/强度设计/疲劳分析,,
1-1-1-2-2-3,损伤容限分析,6,1-1-1-2-2,强度设计,航空航天/研发设计/航空研发设计/结构设计/强度设计/损伤容限分析,,
1-1-1-2-2-4,热强度分析,6,1-1-1-2-2,强度设计,航空航天/研发设计/航空研发设计/结构设计/强度设计/热强度分析,,
1-1-1-2-3,连接设计,5,1-1-1-2,结构设计,航空航天/研发设计/航空研发设计/结构设计/连接设计,,
1-1-1-2-3-1,紧固件设计,6,1-1-1-2-3,连接设计,航空航天/研发设计/航空研发设计/结构设计/连接设计/紧固件设计,,
1-1-1-2-3-2,焊接设计,6,1-1-1-2-3,连接设计,航空航天/研发设计/航空研发设计/结构设计/连接设计/焊接设计,,
1-1-1-2-3-3,胶接设计,6,1-1-1-2-3,连接设计,航空航天/研发设计/航空研发设计/结构设计/连接设计/胶接设计,,
1-1-1-2-3-4,铆接设计,6,1-1-1-2-3,连接设计,航空航天/研发设计/航空研发设计/结构设计/连接设计/铆接设计,,
1-1-1-3,动力系统设计,4,1-1-1,航空研发设计,航空航天/研发设计/航空研发设计/动力系统设计,,
1-1-1-3-1,涡扇发动机设计,5,1-1-1-3,动力系统设计,航空航天/研发设计/航空研发设计/动力系统设计/涡扇发动机设计,,
1-1-1-3-1-1,风扇设计,6,1-1-1-3-1,涡扇发动机设计,航空航天/研发设计/航空研发设计/动力系统设计/涡扇发动机设计/风扇设计,,
1-1-1-3-1-2,压气机设计,6,1-1-1-3-1,涡扇发动机设计,航空航天/研发设计/航空研发设计/动力系统设计/涡扇发动机设计/压气机设计,,
1-1-1-3-1-3,燃烧室设计,6,1-1-1-3-1,涡扇发动机设计,航空航天/研发设计/航空研发设计/动力系统设计/涡扇发动机设计/燃烧室设计,,
1-1-1-3-1-4,涡轮设计,6,1-1-1-3-1,涡扇发动机设计,航空航天/研发设计/航空研发设计/动力系统设计/涡扇发动机设计/涡轮设计,,
1-1-1-3-1-5,喷管设计,6,1-1-1-3-1,涡扇发动机设计,航空航天/研发设计/航空研发设计/动力系统设计/涡扇发动机设计/喷管设计,,
1-1-1-3-2,涡喷发动机设计,5,1-1-1-3,动力系统设计,航空航天/研发设计/航空研发设计/动力系统设计/涡喷发动机设计,,
1-1-1-3-2-1,压气机设计,6,1-1-1-3-2,涡喷发动机设计,航空航天/研发设计/航空研发设计/动力系统设计/涡喷发动机设计/压气机设计,,
1-1-1-3-2-2,燃烧室设计,6,1-1-1-3-2,涡喷发动机设计,航空航天/研发设计/航空研发设计/动力系统设计/涡喷发动机设计/燃烧室设计,,
1-1-1-3-2-3,涡轮设计,6,1-1-1-3-2,涡喷发动机设计,航空航天/研发设计/航空研发设计/动力系统设计/涡喷发动机设计/涡轮设计,,
1-1-1-3-2-4,加力燃烧室设计,6,1-1-1-3-2,涡喷发动机设计,航空航天/研发设计/航空研发设计/动力系统设计/涡喷发动机设计/加力燃烧室设计,,
1-1-1-3-3,涡桨发动机设计,5,1-1-1-3,动力系统设计,航空航天/研发设计/航空研发设计/动力系统设计/涡桨发动机设计,,
1-1-1-3-3-1,压气机设计,6,1-1-1-3-3,涡桨发动机设计,航空航天/研发设计/航空研发设计/动力系统设计/涡桨发动机设计/压气机设计,,
1-1-1-3-3-2,燃烧室设计,6,1-1-1-3-3,涡桨发动机设计,航空航天/研发设计/航空研发设计/动力系统设计/涡桨发动机设计/燃烧室设计,,
1-1-1-3-3-3,涡轮设计,6,1-1-1-3-3,涡桨发动机设计,航空航天/研发设计/航空研发设计/动力系统设计/涡桨发动机设计/涡轮设计,,
1-1-1-3-3-4,减速器设计,6,1-1-1-3-3,涡桨发动机设计,航空航天/研发设计/航空研发设计/动力系统设计/涡桨发动机设计/减速器设计,,
1-1-1-3-3-5,螺旋桨设计,6,1-1-1-3-3,涡桨发动机设计,航空航天/研发设计/航空研发设计/动力系统设计/涡桨发动机设计/螺旋桨设计,,
1-1-1-3-4,涡轴发动机设计,5,1-1-1-3,动力系统设计,航空航天/研发设计/航空研发设计/动力系统设计/涡轴发动机设计,,
1-1-1-3-4-1,压气机设计,6,1-1-1-3-4,涡轴发动机设计,航空航天/研发设计/航空研发设计/动力系统设计/涡轴发动机设计/压气机设计,,
1-1-1-3-4-2,燃烧室设计,6,1-1-1-3-4,涡轴发动机设计,航空航天/研发设计/航空研发设计/动力系统设计/涡轴发动机设计/燃烧室设计,,
1-1-1-3-4-3,涡轮设计,6,1-1-1-3-4,涡轴发动机设计,航空航天/研发设计/航空研发设计/动力系统设计/涡轴发动机设计/涡轮设计,,
1-1-1-3-4-4,动力涡轮设计,6,1-1-1-3-4,涡轴发动机设计,航空航天/研发设计/航空研发设计/动力系统设计/涡轴发动机设计/动力涡轮设计,,
1-1-1-3-5,辅助动力系统设计,5,1-1-1-3,动力系统设计,航空航天/研发设计/航空研发设计/动力系统设计/辅助动力系统设计,,
1-1-1-3-5-1,APU设计,6,1-1-1-3-5,辅助动力系统设计,航空航天/研发设计/航空研发设计/动力系统设计/辅助动力系统设计/APU设计,,
1-1-1-3-5-2,燃油系统设计,6,1-1-1-3-5,辅助动力系统设计,航空航天/研发设计/航空研发设计/动力系统设计/辅助动力系统设计/燃油系统设计,,
1-1-1-3-5-3,滑油系统设计,6,1-1-1-3-5,辅助动力系统设计,航空航天/研发设计/航空研发设计/动力系统设计/辅助动力系统设计/滑油系统设计,,
1-1-1-3-5-4,起动系统设计,6,1-1-1-3-5,辅助动力系统设计,航空航天/研发设计/航空研发设计/动力系统设计/辅助动力系统设计/起动系统设计,,
1-1-1-4,航电系统设计,4,1-1-1,航空研发设计,航空航天/研发设计/航空研发设计/航电系统设计,,
1-1-1-4-1,飞控系统设计,5,1-1-1-4,航电系统设计,航空航天/研发设计/航空研发设计/航电系统设计/飞控系统设计,,
1-1-1-4-1-1,电传飞控设计,6,1-1-1-4-1,飞控系统设计,航空航天/研发设计/航空研发设计/航电系统设计/飞控系统设计/电传飞控设计,,
1-1-1-4-1-2,自动驾驶设计,6,1-1-1-4-1,飞控系统设计,航空航天/研发设计/航空研发设计/航电系统设计/飞控系统设计/自动驾驶设计,,
1-1-1-4-1-3,增稳系统设计,6,1-1-1-4-1,飞控系统设计,航空航天/研发设计/航空研发设计/航电系统设计/飞控系统设计/增稳系统设计,,
1-1-1-4-1-4,飞控计算机设计,6,1-1-1-4-1,飞控系统设计,航空航天/研发设计/航空研发设计/航电系统设计/飞控系统设计/飞控计算机设计,,
1-1-1-4-2,导航系统设计,5,1-1-1-4,航电系统设计,航空航天/研发设计/航空研发设计/航电系统设计/导航系统设计,,
1-1-1-4-2-1,惯性导航设计,6,1-1-1-4-2,导航系统设计,航空航天/研发设计/航空研发设计/航电系统设计/导航系统设计/惯性导航设计,,
1-1-1-4-2-2,卫星导航设计,6,1-1-1-4-2,导航系统设计,航空航天/研发设计/航空研发设计/航电系统设计/导航系统设计/卫星导航设计,,
1-1-1-4-2-3,无线电导航设计,6,1-1-1-4-2,导航系统设计,航空航天/研发设计/航空研发设计/航电系统设计/导航系统设计/无线电导航设计,,
1-1-1-4-2-4,组合导航设计,6,1-1-1-4-2,导航系统设计,航空航天/研发设计/航空研发设计/航电系统设计/导航系统设计/组合导航设计,,
1-1-1-4-3,通信系统设计,5,1-1-1-4,航电系统设计,航空航天/研发设计/航空研发设计/航电系统设计/通信系统设计,,
1-1-1-4-3-1,甚高频通信设计,6,1-1-1-4-3,通信系统设计,航空航天/研发设计/航空研发设计/航电系统设计/通信系统设计/甚高频通信设计,,
1-1-1-4-3-2,高频通信设计,6,1-1-1-4-3,通信系统设计,航空航天/研发设计/航空研发设计/航电系统设计/通信系统设计/高频通信设计,,
1-1-1-4-3-3,卫星通信设计,6,1-1-1-4-3,通信系统设计,航空航天/研发设计/航空研发设计/航电系统设计/通信系统设计/卫星通信设计,,
1-1-1-4-3-4,数据链设计,6,1-1-1-4-3,通信系统设计,航空航天/研发设计/航空研发设计/航电系统设计/通信系统设计/数据链设计,,
1-1-1-4-4,座舱显示设计,5,1-1-1-4,航电系统设计,航空航天/研发设计/航空研发设计/航电系统设计/座舱显示设计,,
1-1-1-4-4-1,HUD设计,6,1-1-1-4-4,座舱显示设计,航空航天/研发设计/航空研发设计/航电系统设计/座舱显示设计/HUD设计,,
1-1-1-4-4-2,多功能显示器设计,6,1-1-1-4-4,座舱显示设计,航空航天/研发设计/航空研发设计/航电系统设计/座舱显示设计/多功能显示器设计,,
1-1-1-4-4-3,综合显示系统设计,6,1-1-1-4-4,座舱显示设计,航空航天/研发设计/航空研发设计/航电系统设计/座舱显示设计/综合显示系统设计,,
1-1-1-4-4-4,告警系统设计,6,1-1-1-4-4,座舱显示设计,航空航天/研发设计/航空研发设计/航电系统设计/座舱显示设计/告警系统设计,,
1-1-1-5,试验验证,4,1-1-1,航空研发设计,航空航天/研发设计/航空研发设计/试验验证,,
1-1-1-5-1,风洞试验,5,1-1-1-5,试验验证,航空航天/研发设计/航空研发设计/试验验证/风洞试验,,
1-1-1-5-1-1,低速风洞试验,6,1-1-1-5-1,风洞试验,航空航天/研发设计/航空研发设计/试验验证/风洞试验/低速风洞试验,,
1-1-1-5-1-2,高速风洞试验,6,1-1-1-5-1,风洞试验,航空航天/研发设计/航空研发设计/试验验证/风洞试验/高速风洞试验,,
1-1-1-5-1-3,超音速风洞试验,6,1-1-1-5-1,风洞试验,航空航天/研发设计/航空研发设计/试验验证/风洞试验/超音速风洞试验,,
1-1-1-5-1-4,结冰风洞试验,6,1-1-1-5-1,风洞试验,航空航天/研发设计/航空研发设计/试验验证/风洞试验/结冰风洞试验,,
1-1-1-5-2,地面试验,5,1-1-1-5,试验验证,航空航天/研发设计/航空研发设计/试验验证/地面试验,,
1-1-1-5-2-1,静力试验,6,1-1-1-5-2,地面试验,航空航天/研发设计/航空研发设计/试验验证/地面试验/静力试验,,
1-1-1-5-2-2,疲劳试验,6,1-1-1-5-2,地面试验,航空航天/研发设计/航空研发设计/试验验证/地面试验/疲劳试验,,
1-1-1-5-2-3,振动试验,6,1-1-1-5-2,地面试验,航空航天/研发设计/航空研发设计/试验验证/地面试验/振动试验,,
1-1-1-5-2-4,鸟撞试验,6,1-1-1-5-2,地面试验,航空航天/研发设计/航空研发设计/试验验证/地面试验/鸟撞试验,,
1-1-1-5-3,飞行试验,5,1-1-1-5,试验验证,航空航天/研发设计/航空研发设计/试验验证/飞行试验,,
1-1-1-5-3-1,首飞验证,6,1-1-1-5-3,飞行试验,航空航天/研发设计/航空研发设计/试验验证/飞行试验/首飞验证,,
1-1-1-5-3-2,性能试飞,6,1-1-1-5-3,飞行试验,航空航天/研发设计/航空研发设计/试验验证/飞行试验/性能试飞,,
1-1-1-5-3-3,操稳试飞,6,1-1-1-5-3,飞行试验,航空航天/研发设计/航空研发设计/试验验证/飞行试验/操稳试飞,,
1-1-1-5-3-4,载荷试飞,6,1-1-1-5-3,飞行试验,航空航天/研发设计/航空研发设计/试验验证/飞行试验/载荷试飞,,
1-1-1-5-3-5,环境试飞,6,1-1-1-5-3,飞行试验,航空航天/研发设计/航空研发设计/试验验证/飞行试验/环境试飞,,
1-1-2,航天研发设计,3,1-1,研发设计,航空航天/研发设计/航天研发设计,,
1-1-2-1,总体设计,4,1-1-2,航天研发设计,航空航天/研发设计/航天研发设计/总体设计,,
1-1-2-1-1,轨道设计,5,1-1-2-1,总体设计,航空航天/研发设计/航天研发设计/总体设计/轨道设计,,
1-1-2-1-1-1,转移轨道设计,6,1-1-2-1-1,轨道设计,航空航天/研发设计/航天研发设计/总体设计/轨道设计/转移轨道设计,,
1-1-2-1-1-2,停泊轨道设计,6,1-1-2-1-1,轨道设计,航空航天/研发设计/航天研发设计/总体设计/轨道设计/停泊轨道设计,,
1-1-2-1-1-3,返回轨道设计,6,1-1-2-1-1,轨道设计,航空航天/研发设计/航天研发设计/总体设计/轨道设计/返回轨道设计,,
1-1-2-1-1-4,星座构型设计,6,1-1-2-1-1,轨道设计,航空航天/研发设计/航天研发设计/总体设计/轨道设计/星座构型设计,,
1-1-2-1-2,构型设计,5,1-1-2-1,总体设计,航空航天/研发设计/航天研发设计/总体设计/构型设计,,
1-1-2-1-2-1,火箭构型设计,6,1-1-2-1-2,构型设计,航空航天/研发设计/航天研发设计/总体设计/构型设计/火箭构型设计,,
1-1-2-1-2-2,航天器构型设计,6,1-1-2-1-2,构型设计,航空航天/研发设计/航天研发设计/总体设计/构型设计/航天器构型设计,,
1-1-2-1-2-3,分离方案设计,6,1-1-2-1-2,构型设计,航空航天/研发设计/航天研发设计/总体设计/构型设计/分离方案设计,,
1-1-2-1-2-4,对接口设计,6,1-1-2-1-2,构型设计,航空航天/研发设计/航天研发设计/总体设计/构型设计/对接口设计,,
1-1-2-1-3,任务分析,5,1-1-2-1,总体设计,航空航天/研发设计/航天研发设计/总体设计/任务分析,,
1-1-2-1-3-1,运载能力分析,6,1-1-2-1-3,任务分析,航空航天/研发设计/航天研发设计/总体设计/任务分析/运载能力分析,,
1-1-2-1-3-2,入轨精度分析,6,1-1-2-1-3,任务分析,航空航天/研发设计/航天研发设计/总体设计/任务分析/入轨精度分析,,
1-1-2-1-3-3,寿命分析,6,1-1-2-1-3,任务分析,航空航天/研发设计/航天研发设计/总体设计/任务分析/寿命分析,,
1-1-2-1-3-4,可靠性分析,6,1-1-2-1-3,任务分析,航空航天/研发设计/航天研发设计/总体设计/任务分析/可靠性分析,,
1-1-2-2,结构设计,4,1-1-2,航天研发设计,航空航天/研发设计/航天研发设计/结构设计,,
1-1-2-2-1,箭体结构设计,5,1-1-2-2,结构设计,航空航天/研发设计/航天研发设计/结构设计/箭体结构设计,,
1-1-2-2-1-1,贮箱设计,6,1-1-2-2-1,箭体结构设计,航空航天/研发设计/航天研发设计/结构设计/箭体结构设计/贮箱设计,,
1-1-2-2-1-2,级间段设计,6,1-1-2-2-1,箭体结构设计,航空航天/研发设计/航天研发设计/结构设计/箭体结构设计/级间段设计,,
1-1-2-2-1-3,整流罩设计,6,1-1-2-2-1,箭体结构设计,航空航天/研发设计/航天研发设计/结构设计/箭体结构设计/整流罩设计,,
1-1-2-2-1-4,尾段设计,6,1-1-2-2-1,箭体结构设计,航空航天/研发设计/航天研发设计/结构设计/箭体结构设计/尾段设计,,
1-1-2-2-2,航天器结构设计,5,1-1-2-2,结构设计,航空航天/研发设计/航天研发设计/结构设计/航天器结构设计,,
1-1-2-2-2-1,承力筒设计,6,1-1-2-2-2,航天器结构设计,航空航天/研发设计/航天研发设计/结构设计/航天器结构设计/承力筒设计,,
1-1-2-2-2-2,太阳翼结构设计,6,1-1-2-2-2,航天器结构设计,航空航天/研发设计/航天研发设计/结构设计/航天器结构设计/太阳翼结构设计,,
1-1-2-2-2-3,天线结构设计,6,1-1-2-2-2,航天器结构设计,航空航天/研发设计/航天研发设计/结构设计/航天器结构设计/天线结构设计,,
1-1-2-2-2-4,舱段结构设计,6,1-1-2-2-2,航天器结构设计,航空航天/研发设计/航天研发设计/结构设计/航天器结构设计/舱段结构设计,,
1-1-2-2-3,机构设计,5,1-1-2-2,结构设计,航空航天/研发设计/航天研发设计/结构设计/机构设计,,
1-1-2-2-3-1,分离机构设计,6,1-1-2-2-3,机构设计,航空航天/研发设计/航天研发设计/结构设计/机构设计/分离机构设计,,
1-1-2-2-3-2,展开机构设计,6,1-1-2-2-3,机构设计,航空航天/研发设计/航天研发设计/结构设计/机构设计/展开机构设计,,
1-1-2-2-3-3,锁定机构设计,6,1-1-2-2-3,机构设计,航空航天/研发设计/航天研发设计/结构设计/机构设计/锁定机构设计,,
1-1-2-2-3-4,对接机构设计,6,1-1-2-2-3,机构设计,航空航天/研发设计/航天研发设计/结构设计/机构设计/对接机构设计,,
1-1-2-3,动力系统设计,4,1-1-2,航天研发设计,航空航天/研发设计/航天研发设计/动力系统设计,,
1-1-2-3-1,液体火箭发动机设计,5,1-1-2-3,动力系统设计,航空航天/研发设计/航天研发设计/动力系统设计/液体火箭发动机设计,,
1-1-2-3-1-1,推力室设计,6,1-1-2-3-1,液体火箭发动机设计,航空航天/研发设计/航天研发设计/动力系统设计/液体火箭发动机设计/推力室设计,,
1-1-2-3-1-2,涡轮泵设计,6,1-1-2-3-1,液体火箭发动机设计,航空航天/研发设计/航天研发设计/动力系统设计/液体火箭发动机设计/涡轮泵设计,,
1-1-2-3-1-3,燃气发生器设计,6,1-1-2-3-1,液体火箭发动机设计,航空航天/研发设计/航天研发设计/动力系统设计/液体火箭发动机设计/燃气发生器设计,,
1-1-2-3-1-4,喷注器设计,6,1-1-2-3-1,液体火箭发动机设计,航空航天/研发设计/航天研发设计/动力系统设计/液体火箭发动机设计/喷注器设计,,
1-1-2-3-2,固体火箭发动机设计,5,1-1-2-3,动力系统设计,航空航天/研发设计/航天研发设计/动力系统设计/固体火箭发动机设计,,
1-1-2-3-2-1,药柱设计,6,1-1-2-3-2,固体火箭发动机设计,航空航天/研发设计/航天研发设计/动力系统设计/固体火箭发动机设计/药柱设计,,
1-1-2-3-2-2,壳体设计,6,1-1-2-3-2,固体火箭发动机设计,航空航天/研发设计/航天研发设计/动力系统设计/固体火箭发动机设计/壳体设计,,
1-1-2-3-2-3,喷管设计,6,1-1-2-3-2,固体火箭发动机设计,航空航天/研发设计/航天研发设计/动力系统设计/固体火箭发动机设计/喷管设计,,
1-1-2-3-2-4,点火装置设计,6,1-1-2-3-2,固体火箭发动机设计,航空航天/研发设计/航天研发设计/动力系统设计/固体火箭发动机设计/点火装置设计,,
1-1-2-3-3,电推进设计,5,1-1-2-3,动力系统设计,航空航天/研发设计/航天研发设计/动力系统设计/电推进设计,,
1-1-2-3-3-1,离子推力器设计,6,1-1-2-3-3,电推进设计,航空航天/研发设计/航天研发设计/动力系统设计/电推进设计/离子推力器设计,,
1-1-2-3-3-2,霍尔推力器设计,6,1-1-2-3-3,电推进设计,航空航天/研发设计/航天研发设计/动力系统设计/电推进设计/霍尔推力器设计,,
1-1-2-3-3-3,电弧推力器设计,6,1-1-2-3-3,电推进设计,航空航天/研发设计/航天研发设计/动力系统设计/电推进设计/电弧推力器设计,,
1-1-2-3-3-4,脉冲等离子体推力器设计,6,1-1-2-3-3,电推进设计,航空航天/研发设计/航天研发设计/动力系统设计/电推进设计/脉冲等离子体推力器设计,,
1-1-2-3-4,姿轨控设计,5,1-1-2-3,动力系统设计,航空航天/研发设计/航天研发设计/动力系统设计/姿轨控设计,,
1-1-2-3-4-1,姿控发动机设计,6,1-1-2-3-4,姿轨控设计,航空航天/研发设计/航天研发设计/动力系统设计/姿轨控设计/姿控发动机设计,,
1-1-2-3-4-2,轨控发动机设计,6,1-1-2-3-4,姿轨控设计,航空航天/研发设计/航天研发设计/动力系统设计/姿轨控设计/轨控发动机设计,,
1-1-2-3-4-3,推力器布局设计,6,1-1-2-3-4,姿轨控设计,航空航天/研发设计/航天研发设计/动力系统设计/姿轨控设计/推力器布局设计,,
1-1-2-3-4-4,推进剂管理设计,6,1-1-2-3-4,姿轨控设计,航空航天/研发设计/航天研发设计/动力系统设计/姿轨控设计/推进剂管理设计,,
1-1-2-4,测控通信设计,4,1-1-2,航天研发设计,航空航天/研发设计/航天研发设计/测控通信设计,,
1-1-2-4-1,测轨设计,5,1-1-2-4,测控通信设计,航空航天/研发设计/航天研发设计/测控通信设计/测轨设计,,
1-1-2-4-1-1,测距设计,6,1-1-2-4-1,测轨设计,航空航天/研发设计/航天研发设计/测控通信设计/测轨设计/测距设计,,
1-1-2-4-1-2,测速设计,6,1-1-2-4-1,测轨设计,航空航天/研发设计/航天研发设计/测控通信设计/测轨设计/测速设计,,
1-1-2-4-1-3,测角设计,6,1-1-2-4-1,测轨设计,航空航天/研发设计/航天研发设计/测控通信设计/测轨设计/测角设计,,
1-1-2-4-1-4,定轨算法设计,6,1-1-2-4-1,测轨设计,航空航天/研发设计/航天研发设计/测控通信设计/测轨设计/定轨算法设计,,
1-1-2-4-2,遥测设计,5,1-1-2-4,测控通信设计,航空航天/研发设计/航天研发设计/测控通信设计/遥测设计,,
1-1-2-4-2-1,遥测参数设计,6,1-1-2-4-2,遥测设计,航空航天/研发设计/航天研发设计/测控通信设计/遥测设计/遥测参数设计,,
1-1-2-4-2-2,遥测帧格式设计,6,1-1-2-4-2,遥测设计,航空航天/研发设计/航天研发设计/测控通信设计/遥测设计/遥测帧格式设计,,
1-1-2-4-2-3,遥测发射机设计,6,1-1-2-4-2,遥测设计,航空航天/研发设计/航天研发设计/测控通信设计/遥测设计/遥测发射机设计,,
1-1-2-4-2-4,传感器选型,6,1-1-2-4-2,遥测设计,航空航天/研发设计/航天研发设计/测控通信设计/遥测设计/传感器选型,,
1-1-2-4-3,遥控设计,5,1-1-2-4,测控通信设计,航空航天/研发设计/航天研发设计/测控通信设计/遥控设计,,
1-1-2-4-3-1,遥控指令设计,6,1-1-2-4-3,遥控设计,航空航天/研发设计/航天研发设计/测控通信设计/遥控设计/遥控指令设计,,
1-1-2-4-3-2,遥控接收机设计,6,1-1-2-4-3,遥控设计,航空航天/研发设计/航天研发设计/测控通信设计/遥控设计/遥控接收机设计,,
1-1-2-4-3-3,数据注入设计,6,1-1-2-4-3,遥控设计,航空航天/研发设计/航天研发设计/测控通信设计/遥控设计/数据注入设计,,
1-1-2-4-3-4,安全控制设计,6,1-1-2-4-3,遥控设计,航空航天/研发设计/航天研发设计/测控通信设计/遥控设计/安全控制设计,,
1-1-2-4-4,数传设计,5,1-1-2-4,测控通信设计,航空航天/研发设计/航天研发设计/测控通信设计/数传设计,,
1-1-2-4-4-1,高速数传设计,6,1-1-2-4-4,数传设计,航空航天/研发设计/航天研发设计/测控通信设计/数传设计/高速数传设计,,
1-1-2-4-4-2,图像传输设计,6,1-1-2-4-4,数传设计,航空航天/研发设计/航天研发设计/测控通信设计/数传设计/图像传输设计,,
1-1-2-4-4-3,中继链路设计,6,1-1-2-4-4,数传设计,航空航天/研发设计/航天研发设计/测控通信设计/数传设计/中继链路设计,,
1-1-2-4-4-4,测控数传一体化设计,6,1-1-2-4-4,数传设计,航空航天/研发设计/航天研发设计/测控通信设计/数传设计/测控数传一体化设计,,
1-1-2-5,环境与可靠性,4,1-1-2,航天研发设计,航空航天/研发设计/航天研发设计/环境与可靠性,,
1-1-2-5-1,热控设计,5,1-1-2-5,环境与可靠性,航空航天/研发设计/航天研发设计/环境与可靠性/热控设计,,
1-1-2-5-1-1,被动热控设计,6,1-1-2-5-1,热控设计,航空航天/研发设计/航天研发设计/环境与可靠性/热控设计/被动热控设计,,
1-1-2-5-1-2,主动热控设计,6,1-1-2-5-1,热控设计,航空航天/研发设计/航天研发设计/环境与可靠性/热控设计/主动热控设计,,
1-1-2-5-1-3,热管设计,6,1-1-2-5-1,热控设计,航空航天/研发设计/航天研发设计/环境与可靠性/热控设计/热管设计,,
1-1-2-5-1-4,加热器设计,6,1-1-2-5-1,热控设计,航空航天/研发设计/航天研发设计/环境与可靠性/热控设计/加热器设计,,
1-1-2-5-2,空间环境设计,5,1-1-2-5,环境与可靠性,航空航天/研发设计/航天研发设计/环境与可靠性/空间环境设计,,
1-1-2-5-2-1,抗辐射设计,6,1-1-2-5-2,空间环境设计,航空航天/研发设计/航天研发设计/环境与可靠性/空间环境设计/抗辐射设计,,
1-1-2-5-2-2,EMC设计,6,1-1-2-5-2,空间环境设计,航空航天/研发设计/航天研发设计/环境与可靠性/空间环境设计/EMC设计,,
1-1-2-5-2-3,静电防护设计,6,1-1-2-5-2,空间环境设计,航空航天/研发设计/航天研发设计/环境与可靠性/空间环境设计/静电防护设计,,
1-1-2-5-2-4,空间碎片防护设计,6,1-1-2-5-2,空间环境设计,航空航天/研发设计/航天研发设计/环境与可靠性/空间环境设计/空间碎片防护设计,,
1-1-2-5-3,可靠性设计,5,1-1-2-5,环境与可靠性,航空航天/研发设计/航天研发设计/环境与可靠性/可靠性设计,,
1-1-2-5-3-1,冗余设计,6,1-1-2-5-3,可靠性设计,航空航天/研发设计/航天研发设计/环境与可靠性/可靠性设计/冗余设计,,
1-1-2-5-3-2,FMEA分析,6,1-1-2-5-3,可靠性设计,航空航天/研发设计/航天研发设计/环境与可靠性/可靠性设计/FMEA分析,,
1-1-2-5-3-3,FTA分析,6,1-1-2-5-3,可靠性设计,航空航天/研发设计/航天研发设计/环境与可靠性/可靠性设计/FTA分析,,
1-1-2-5-3-4,可靠性预计,6,1-1-2-5-3,可靠性设计,航空航天/研发设计/航天研发设计/环境与可靠性/可靠性设计/可靠性预计,,
1-2,原材料,2,1,航空航天,航空航天/原材料,,
1-2-1,金属材料,3,1-2,原材料,航空航天/原材料/金属材料,通用,铝合金、钛合金、高温合金等在航空和航天都有应用，不区分
1-2-1-1,铝合金,4,1-2-1,金属材料,航空航天/原材料/金属材料/铝合金,,
1-2-1-1-1,2xxx系铝合金,5,1-2-1-1,铝合金,航空航天/原材料/金属材料/铝合金/2xxx系铝合金,,
1-2-1-1-2,7xxx系铝合金,5,1-2-1-1,铝合金,航空航天/原材料/金属材料/铝合金/7xxx系铝合金,,
1-2-1-1-3,铝锂合金,5,1-2-1-1,铝合金,航空航天/原材料/金属材料/铝合金/铝锂合金,,
1-2-1-1-4,铸造铝合金,5,1-2-1-1,铝合金,航空航天/原材料/金属材料/铝合金/铸造铝合金,,
1-2-1-2,钛合金,4,1-2-1,金属材料,航空航天/原材料/金属材料/钛合金,,
1-2-1-2-1,α钛合金,5,1-2-1-2,钛合金,航空航天/原材料/金属材料/钛合金/α钛合金,,
1-2-1-2-2,α+β钛合金,5,1-2-1-2,钛合金,航空航天/原材料/金属材料/钛合金/α+β钛合金,,
1-2-1-2-3,β钛合金,5,1-2-1-2,钛合金,航空航天/原材料/金属材料/钛合金/β钛合金,,
1-2-1-2-4,钛基复合材料,5,1-2-1-2,钛合金,航空航天/原材料/金属材料/钛合金/钛基复合材料,,
1-2-1-3,高温合金,4,1-2-1,金属材料,航空航天/原材料/金属材料/高温合金,,
1-2-1-3-1,镍基高温合金,5,1-2-1-3,高温合金,航空航天/原材料/金属材料/高温合金/镍基高温合金,,
1-2-1-3-2,钴基高温合金,5,1-2-1-3,高温合金,航空航天/原材料/金属材料/高温合金/钴基高温合金,,
1-2-1-3-3,铁基高温合金,5,1-2-1-3,高温合金,航空航天/原材料/金属材料/高温合金/铁基高温合金,,
1-2-1-3-4,单晶高温合金,5,1-2-1-3,高温合金,航空航天/原材料/金属材料/高温合金/单晶高温合金,,
1-2-1-4,超高强度钢,4,1-2-1,金属材料,航空航天/原材料/金属材料/超高强度钢,,
1-2-1-4-1,低合金超高强度钢,5,1-2-1-4,超高强度钢,航空航天/原材料/金属材料/超高强度钢/低合金超高强度钢,,
1-2-1-4-2,高合金超高强度钢,5,1-2-1-4,超高强度钢,航空航天/原材料/金属材料/超高强度钢/高合金超高强度钢,,
1-2-1-4-3,马氏体时效钢,5,1-2-1-4,超高强度钢,航空航天/原材料/金属材料/超高强度钢/马氏体时效钢,,
1-2-1-4-4,航空不锈钢,5,1-2-1-4,超高强度钢,航空航天/原材料/金属材料/超高强度钢/航空不锈钢,,
1-2-1-5,镁合金,4,1-2-1,金属材料,航空航天/原材料/金属材料/镁合金,,
1-2-1-5-1,铸造镁合金,5,1-2-1-5,镁合金,航空航天/原材料/金属材料/镁合金/铸造镁合金,,
1-2-1-5-2,变形镁合金,5,1-2-1-5,镁合金,航空航天/原材料/金属材料/镁合金/变形镁合金,,
1-2-1-5-3,稀土镁合金,5,1-2-1-5,镁合金,航空航天/原材料/金属材料/镁合金/稀土镁合金,,
1-2-1-5-4,镁基复合材料,5,1-2-1-5,镁合金,航空航天/原材料/金属材料/镁合金/镁基复合材料,,
1-2-2,复合材料,3,1-2,原材料,航空航天/原材料/复合材料,通用,碳纤维复合材料在航空（机翼、机身）和航天（卫星结构）都有应用
1-2-2-1,碳纤维复合材料,4,1-2-2,复合材料,航空航天/原材料/复合材料/碳纤维复合材料,,
1-2-2-1-1,T300级碳纤维,5,1-2-2-1,碳纤维复合材料,航空航天/原材料/复合材料/碳纤维复合材料/T300级碳纤维,,
1-2-2-1-2,T700级碳纤维,5,1-2-2-1,碳纤维复合材料,航空航天/原材料/复合材料/碳纤维复合材料/T700级碳纤维,,
1-2-2-1-3,T800级碳纤维,5,1-2-2-1,碳纤维复合材料,航空航天/原材料/复合材料/碳纤维复合材料/T800级碳纤维,,
1-2-2-1-4,T1000级碳纤维,5,1-2-2-1,碳纤维复合材料,航空航天/原材料/复合材料/碳纤维复合材料/T1000级碳纤维,,
1-2-2-1-5,M系列碳纤维,5,1-2-2-1,碳纤维复合材料,航空航天/原材料/复合材料/碳纤维复合材料/M系列碳纤维,,
1-2-2-2,玻璃纤维复合材料,4,1-2-2,复合材料,航空航天/原材料/复合材料/玻璃纤维复合材料,,
1-2-2-2-1,E玻璃纤维,5,1-2-2-2,玻璃纤维复合材料,航空航天/原材料/复合材料/玻璃纤维复合材料/E玻璃纤维,,
1-2-2-2-2,S玻璃纤维,5,1-2-2-2,玻璃纤维复合材料,航空航天/原材料/复合材料/玻璃纤维复合材料/S玻璃纤维,,
1-2-2-2-3,高强玻璃纤维,5,1-2-2-2,玻璃纤维复合材料,航空航天/原材料/复合材料/玻璃纤维复合材料/高强玻璃纤维,,
1-2-2-2-4,石英纤维,5,1-2-2-2,玻璃纤维复合材料,航空航天/原材料/复合材料/玻璃纤维复合材料/石英纤维,,
1-2-2-3,芳纶复合材料,4,1-2-2,复合材料,航空航天/原材料/复合材料/芳纶复合材料,,
1-2-2-3-1,芳纶1414,5,1-2-2-3,芳纶复合材料,航空航天/原材料/复合材料/芳纶复合材料/芳纶1414,,
1-2-2-3-2,芳纶1313,5,1-2-2-3,芳纶复合材料,航空航天/原材料/复合材料/芳纶复合材料/芳纶1313,,
1-2-2-3-3,芳纶纸蜂窝,5,1-2-2-3,芳纶复合材料,航空航天/原材料/复合材料/芳纶复合材料/芳纶纸蜂窝,,
1-2-2-3-4,芳纶纤维布,5,1-2-2-3,芳纶复合材料,航空航天/原材料/复合材料/芳纶复合材料/芳纶纤维布,,
1-2-2-4,树脂基体,4,1-2-2,复合材料,航空航天/原材料/复合材料/树脂基体,,
1-2-2-4-1,环氧树脂,5,1-2-2-4,树脂基体,航空航天/原材料/复合材料/树脂基体/环氧树脂,,
1-2-2-4-2,双马来酰亚胺树脂,5,1-2-2-4,树脂基体,航空航天/原材料/复合材料/树脂基体/双马来酰亚胺树脂,,
1-2-2-4-3,聚酰亚胺树脂,5,1-2-2-4,树脂基体,航空航天/原材料/复合材料/树脂基体/聚酰亚胺树脂,,
1-2-2-4-4,酚醛树脂,5,1-2-2-4,树脂基体,航空航天/原材料/复合材料/树脂基体/酚醛树脂,,
1-2-2-5,陶瓷基复合材料,4,1-2-2,复合材料,航空航天/原材料/复合材料/陶瓷基复合材料,,
1-2-2-5-1,碳碳复合材料,5,1-2-2-5,陶瓷基复合材料,航空航天/原材料/复合材料/陶瓷基复合材料/碳碳复合材料,,
1-2-2-5-2,碳化硅基复合材料,5,1-2-2-5,陶瓷基复合材料,航空航天/原材料/复合材料/陶瓷基复合材料/碳化硅基复合材料,,
1-2-2-5-3,氧化物基复合材料,5,1-2-2-5,陶瓷基复合材料,航空航天/原材料/复合材料/陶瓷基复合材料/氧化物基复合材料,,
1-2-3,特种材料,3,1-2,原材料,航空航天/原材料/特种材料,通用,
1-2-3-1,透明材料,4,1-2-3,特种材料,航空航天/原材料/特种材料/透明材料,,
1-2-3-1-1,航空有机玻璃,5,1-2-3-1,透明材料,航空航天/原材料/特种材料/透明材料/航空有机玻璃,,
1-2-3-1-2,层压玻璃,5,1-2-3-1,透明材料,航空航天/原材料/特种材料/透明材料/层压玻璃,,
1-2-3-1-3,聚碳酸酯,5,1-2-3-1,透明材料,航空航天/原材料/特种材料/透明材料/聚碳酸酯,,
1-2-3-1-4,透明装甲,5,1-2-3-1,透明材料,航空航天/原材料/特种材料/透明材料/透明装甲,,
1-2-3-2,密封材料,4,1-2-3,特种材料,航空航天/原材料/特种材料/密封材料,,
1-2-3-2-1,橡胶密封件,5,1-2-3-2,密封材料,航空航天/原材料/特种材料/密封材料/橡胶密封件,,
1-2-3-2-2,硅胶密封剂,5,1-2-3-2,密封材料,航空航天/原材料/特种材料/密封材料/硅胶密封剂,,
1-2-3-2-3,聚硫密封剂,5,1-2-3-2,密封材料,航空航天/原材料/特种材料/密封材料/聚硫密封剂,,
1-2-3-2-4,氟硅密封剂,5,1-2-3-2,密封材料,航空航天/原材料/特种材料/密封材料/氟硅密封剂,,
1-2-3-3,涂层材料,4,1-2-3,特种材料,航空航天/原材料/特种材料/涂层材料,,
1-2-3-3-1,防腐涂层,5,1-2-3-3,涂层材料,航空航天/原材料/特种材料/涂层材料/防腐涂层,,
1-2-3-3-2,隔热涂层,5,1-2-3-3,涂层材料,航空航天/原材料/特种材料/涂层材料/隔热涂层,,
1-2-3-3-3,隐身涂层,5,1-2-3-3,涂层材料,航空航天/原材料/特种材料/涂层材料/隐身涂层,,
1-2-3-3-4,防冰涂层,5,1-2-3-3,涂层材料,航空航天/原材料/特种材料/涂层材料/防冰涂层,,
1-2-3-4,功能材料,4,1-2-3,特种材料,航空航天/原材料/特种材料/功能材料,,
1-2-3-4-1,阻尼材料,5,1-2-3-4,功能材料,航空航天/原材料/特种材料/功能材料/阻尼材料,,
1-2-3-4-2,吸波材料,5,1-2-3-4,功能材料,航空航天/原材料/特种材料/功能材料/吸波材料,,
1-2-3-4-3,透波材料,5,1-2-3-4,功能材料,航空航天/原材料/特种材料/功能材料/透波材料,,
1-2-3-4-4,智能材料,5,1-2-3-4,功能材料,航空航天/原材料/特种材料/功能材料/智能材料,,
1-2-4,标准件与辅助材料,3,1-2,原材料,航空航天/原材料/标准件与辅助材料,通用,依据国标3743和零部件分类标准，标准件具有完全互换性
1-2-4-1,紧固件材料,4,1-2-4,标准件与辅助材料,航空航天/原材料/标准件与辅助材料/紧固件材料,,
1-2-4-1-1,钛合金紧固件,5,1-2-4-1,紧固件材料,航空航天/原材料/标准件与辅助材料/紧固件材料/钛合金紧固件,,
1-2-4-1-2,高强度钢紧固件,5,1-2-4-1,紧固件材料,航空航天/原材料/标准件与辅助材料/紧固件材料/高强度钢紧固件,,
1-2-4-1-3,高温合金紧固件,5,1-2-4-1,紧固件材料,航空航天/原材料/标准件与辅助材料/紧固件材料/高温合金紧固件,,
1-2-4-1-4,复合材料紧固件,5,1-2-4-1,紧固件材料,航空航天/原材料/标准件与辅助材料/紧固件材料/复合材料紧固件,,
1-2-4-2,焊接材料,4,1-2-4,标准件与辅助材料,航空航天/原材料/标准件与辅助材料/焊接材料,,
1-2-4-2-1,焊丝,5,1-2-4-2,焊接材料,航空航天/原材料/标准件与辅助材料/焊接材料/焊丝,,
1-2-4-2-2,焊条,5,1-2-4-2,焊接材料,航空航天/原材料/标准件与辅助材料/焊接材料/焊条,,
1-2-4-2-3,钎料,5,1-2-4-2,焊接材料,航空航天/原材料/标准件与辅助材料/焊接材料/钎料,,
1-2-4-2-4,保护气体,5,1-2-4-2,焊接材料,航空航天/原材料/标准件与辅助材料/焊接材料/保护气体,,
1-2-4-3,胶粘剂,4,1-2-4,标准件与辅助材料,航空航天/原材料/标准件与辅助材料/胶粘剂,,
1-2-4-3-1,结构胶,5,1-2-4-3,胶粘剂,航空航天/原材料/标准件与辅助材料/胶粘剂/结构胶,,
1-2-4-3-2,密封胶,5,1-2-4-3,胶粘剂,航空航天/原材料/标准件与辅助材料/胶粘剂/密封胶,,
1-2-4-3-3,发泡胶,5,1-2-4-3,胶粘剂,航空航天/原材料/标准件与辅助材料/胶粘剂/发泡胶,,
1-2-4-3-4,导电胶,5,1-2-4-3,胶粘剂,航空航天/原材料/标准件与辅助材料/胶粘剂/导电胶,,
1-2-5,航天专用材料,3,1-2,原材料,航空航天/原材料/航天专用材料,航天专用,基于调研：烧蚀防热材料、推进剂、空间环境材料为航天特有
1-2-5-1,防热材料,4,1-2-5,航天专用材料,航空航天/原材料/航天专用材料/防热材料,,
1-2-5-1-1,烧蚀防热材料,5,1-2-5-1,防热材料,航空航天/原材料/航天专用材料/防热材料/烧蚀防热材料,,
1-2-5-1-1-1,碳酚醛材料,6,1-2-5-1-1,烧蚀防热材料,航空航天/原材料/航天专用材料/防热材料/烧蚀防热材料/碳酚醛材料,,
1-2-5-1-1-2,硅酚醛材料,6,1-2-5-1-1,烧蚀防热材料,航空航天/原材料/航天专用材料/防热材料/烧蚀防热材料/硅酚醛材料,,
1-2-5-1-1-3,高硅氧酚醛材料,6,1-2-5-1-1,烧蚀防热材料,航空航天/原材料/航天专用材料/防热材料/烧蚀防热材料/高硅氧酚醛材料,,
1-2-5-1-1-4,碳碳烧蚀材料,6,1-2-5-1-1,烧蚀防热材料,航空航天/原材料/航天专用材料/防热材料/烧蚀防热材料/碳碳烧蚀材料,,
1-2-5-1-2,隔热材料,5,1-2-5-1,防热材料,航空航天/原材料/航天专用材料/防热材料/隔热材料,,
1-2-5-1-2-1,陶瓷隔热瓦,6,1-2-5-1-2,隔热材料,航空航天/原材料/航天专用材料/防热材料/隔热材料/陶瓷隔热瓦,,
1-2-5-1-2-2,气凝胶隔热材料,6,1-2-5-1-2,隔热材料,航空航天/原材料/航天专用材料/防热材料/隔热材料/气凝胶隔热材料,,
1-2-5-1-2-3,多层隔热材料,6,1-2-5-1-2,隔热材料,航空航天/原材料/航天专用材料/防热材料/隔热材料/多层隔热材料,,
1-2-5-1-2-4,泡沫隔热材料,6,1-2-5-1-2,隔热材料,航空航天/原材料/航天专用材料/防热材料/隔热材料/泡沫隔热材料,,
1-2-5-1-3,热结构材料,5,1-2-5-1,防热材料,航空航天/原材料/航天专用材料/防热材料/热结构材料,,
1-2-5-1-3-1,碳碳热结构,6,1-2-5-1-3,热结构材料,航空航天/原材料/航天专用材料/防热材料/热结构材料/碳碳热结构,,
1-2-5-1-3-2,碳化硅复合材料,6,1-2-5-1-3,热结构材料,航空航天/原材料/航天专用材料/防热材料/热结构材料/碳化硅复合材料,,
1-2-5-1-3-3,超高温陶瓷,6,1-2-5-1-3,热结构材料,航空航天/原材料/航天专用材料/防热材料/热结构材料/超高温陶瓷,,
1-2-5-1-3-4,难熔金属合金,6,1-2-5-1-3,热结构材料,航空航天/原材料/航天专用材料/防热材料/热结构材料/难熔金属合金,,
1-2-5-2,推进剂,4,1-2-5,航天专用材料,航空航天/原材料/航天专用材料/推进剂,,
1-2-5-2-1,液体推进剂,5,1-2-5-2,推进剂,航空航天/原材料/航天专用材料/推进剂/液体推进剂,,
1-2-5-2-1-1,液氧煤油推进剂,6,1-2-5-2-1,液体推进剂,航空航天/原材料/航天专用材料/推进剂/液体推进剂/液氧煤油推进剂,,
1-2-5-2-1-2,液氢液氧推进剂,6,1-2-5-2-1,液体推进剂,航空航天/原材料/航天专用材料/推进剂/液体推进剂/液氢液氧推进剂,,
1-2-5-2-1-3,液氧甲烷推进剂,6,1-2-5-2-1,液体推进剂,航空航天/原材料/航天专用材料/推进剂/液体推进剂/液氧甲烷推进剂,,
1-2-5-2-1-4,四氧化二氮偏二甲肼推进剂,6,1-2-5-2-1,液体推进剂,航空航天/原材料/航天专用材料/推进剂/液体推进剂/四氧化二氮偏二甲肼推进剂,,
1-2-5-2-2,固体推进剂,5,1-2-5-2,推进剂,航空航天/原材料/航天专用材料/推进剂/固体推进剂,,
1-2-5-2-2-1,复合固体推进剂,6,1-2-5-2-2,固体推进剂,航空航天/原材料/航天专用材料/推进剂/固体推进剂/复合固体推进剂,,
1-2-5-2-2-2,双基推进剂,6,1-2-5-2-2,固体推进剂,航空航天/原材料/航天专用材料/推进剂/固体推进剂/双基推进剂,,
1-2-5-2-2-3,改性双基推进剂,6,1-2-5-2-2,固体推进剂,航空航天/原材料/航天专用材料/推进剂/固体推进剂/改性双基推进剂,,
1-2-5-2-2-4,NEPE推进剂,6,1-2-5-2-2,固体推进剂,航空航天/原材料/航天专用材料/推进剂/固体推进剂/NEPE推进剂,,
1-2-5-2-3,低温推进剂,5,1-2-5-2,推进剂,航空航天/原材料/航天专用材料/推进剂/低温推进剂,,
1-2-5-2-3-1,液氢,6,1-2-5-2-3,低温推进剂,航空航天/原材料/航天专用材料/推进剂/低温推进剂/液氢,,
1-2-5-2-3-2,液氧,6,1-2-5-2-3,低温推进剂,航空航天/原材料/航天专用材料/推进剂/低温推进剂/液氧,,
1-2-5-2-3-3,液态甲烷,6,1-2-5-2-3,低温推进剂,航空航天/原材料/航天专用材料/推进剂/低温推进剂/液态甲烷,,
1-2-5-2-3-4,液氟,6,1-2-5-2-3,低温推进剂,航空航天/原材料/航天专用材料/推进剂/低温推进剂/液氟,,
1-2-5-2-4,绿色推进剂,5,1-2-5-2,推进剂,航空航天/原材料/航天专用材料/推进剂/绿色推进剂,,
1-2-5-2-4-1,过氧化氢推进剂,6,1-2-5-2-4,绿色推进剂,航空航天/原材料/航天专用材料/推进剂/绿色推进剂/过氧化氢推进剂,,
1-2-5-2-4-2,硝酸羟胺基推进剂,6,1-2-5-2-4,绿色推进剂,航空航天/原材料/航天专用材料/推进剂/绿色推进剂/硝酸羟胺基推进剂,,
1-2-5-2-4-3,离子液体推进剂,6,1-2-5-2-4,绿色推进剂,航空航天/原材料/航天专用材料/推进剂/绿色推进剂/离子液体推进剂,,
1-2-5-2-4-4,ADN基推进剂,6,1-2-5-2-4,绿色推进剂,航空航天/原材料/航天专用材料/推进剂/绿色推进剂/ADN基推进剂,,
1-2-5-3,空间环境材料,4,1-2-5,航天专用材料,航空航天/原材料/航天专用材料/空间环境材料,,
1-2-5-3-1,抗辐射材料,5,1-2-5-3,空间环境材料,航空航天/原材料/航天专用材料/空间环境材料/抗辐射材料,,
1-2-5-3-1-1,抗辐射屏蔽材料,6,1-2-5-3-1,抗辐射材料,航空航天/原材料/航天专用材料/空间环境材料/抗辐射材料/抗辐射屏蔽材料,,
1-2-5-3-1-2,抗辐射涂层,6,1-2-5-3-1,抗辐射材料,航空航天/原材料/航天专用材料/空间环境材料/抗辐射材料/抗辐射涂层,,
1-2-5-3-1-3,抗辐射玻璃,6,1-2-5-3-1,抗辐射材料,航空航天/原材料/航天专用材料/空间环境材料/抗辐射材料/抗辐射玻璃,,
1-2-5-3-1-4,抗辐射电子材料,6,1-2-5-3-1,抗辐射材料,航空航天/原材料/航天专用材料/空间环境材料/抗辐射材料/抗辐射电子材料,,
1-2-5-3-2,原子氧防护材料,5,1-2-5-3,空间环境材料,航空航天/原材料/航天专用材料/空间环境材料/原子氧防护材料,,
1-2-5-3-2-1,原子氧防护涂层,6,1-2-5-3-2,原子氧防护材料,航空航天/原材料/航天专用材料/空间环境材料/原子氧防护材料/原子氧防护涂层,,
1-2-5-3-2-2,原子氧防护薄膜,6,1-2-5-3-2,原子氧防护材料,航空航天/原材料/航天专用材料/空间环境材料/原子氧防护材料/原子氧防护薄膜,,
1-2-5-3-2-3,原子氧防护复合材料,6,1-2-5-3-2,原子氧防护材料,航空航天/原材料/航天专用材料/空间环境材料/原子氧防护材料/原子氧防护复合材料,,
1-2-5-3-2-4,自修复材料,6,1-2-5-3-2,原子氧防护材料,航空航天/原材料/航天专用材料/空间环境材料/原子氧防护材料/自修复材料,,
1-2-5-3-3,空间润滑材料,5,1-2-5-3,空间环境材料,航空航天/原材料/航天专用材料/空间环境材料/空间润滑材料,,
1-2-5-3-3-1,固体润滑材料,6,1-2-5-3-3,空间润滑材料,航空航天/原材料/航天专用材料/空间环境材料/空间润滑材料/固体润滑材料,,
1-2-5-3-3-2,液体润滑材料,6,1-2-5-3-3,空间润滑材料,航空航天/原材料/航天专用材料/空间环境材料/空间润滑材料/液体润滑材料,,
1-2-5-3-3-3,自润滑复合材料,6,1-2-5-3-3,空间润滑材料,航空航天/原材料/航天专用材料/空间环境材料/空间润滑材料/自润滑复合材料,,
1-2-5-3-3-4,真空润滑涂层,6,1-2-5-3-3,空间润滑材料,航空航天/原材料/航天专用材料/空间环境材料/空间润滑材料/真空润滑涂层,,
1-3,零部件与分系统,2,1,航空航天,航空航天/零部件与分系统,,
1-3-1,标准件与通用零部件,3,1-3,零部件与分系统,航空航天/零部件与分系统/标准件与通用零部件,通用,依据国标3743和零部件分类标准，标准件具有完全互换性
1-3-1-1,紧固件,4,1-3-1,标准件与通用零部件,航空航天/零部件与分系统/标准件与通用零部件/紧固件,,
1-3-1-1-1,航空航天螺栓,5,1-3-1-1,紧固件,航空航天/零部件与分系统/标准件与通用零部件/紧固件/航空航天螺栓,,
1-3-1-1-2,航空航天铆钉,5,1-3-1-1,紧固件,航空航天/零部件与分系统/标准件与通用零部件/紧固件/航空航天铆钉,,
1-3-1-1-3,航空航天销钉,5,1-3-1-1,紧固件,航空航天/零部件与分系统/标准件与通用零部件/紧固件/航空航天销钉,,
1-3-1-1-4,航空航天螺母,5,1-3-1-1,紧固件,航空航天/零部件与分系统/标准件与通用零部件/紧固件/航空航天螺母,,
1-3-1-1-5,航空航天垫片,5,1-3-1-1,紧固件,航空航天/零部件与分系统/标准件与通用零部件/紧固件/航空航天垫片,,
1-3-1-1-6,快卸锁,5,1-3-1-1,紧固件,航空航天/零部件与分系统/标准件与通用零部件/紧固件/快卸锁,,
1-3-1-2,连接件,4,1-3-1,标准件与通用零部件,航空航天/零部件与分系统/标准件与通用零部件/连接件,,
1-3-1-2-1,卡箍,5,1-3-1-2,连接件,航空航天/零部件与分系统/标准件与通用零部件/连接件/卡箍,,
1-3-1-2-2,支座,5,1-3-1-2,连接件,航空航天/零部件与分系统/标准件与通用零部件/连接件/支座,,
1-3-1-2-3,角片,5,1-3-1-2,连接件,航空航天/零部件与分系统/标准件与通用零部件/连接件/角片,,
1-3-1-2-4,接头,5,1-3-1-2,连接件,航空航天/零部件与分系统/标准件与通用零部件/连接件/接头,,
1-3-2,航空发动机及其部件,3,1-3,零部件与分系统,航空航天/零部件与分系统/航空发动机及其部件,航空专用,航空发动机（涡扇/涡喷/涡桨/涡轴）与火箭发动机原理差异大，应分开
1-3-2-1,涡扇发动机,4,1-3-2,航空发动机及其部件,航空航天/零部件与分系统/航空发动机及其部件/涡扇发动机,,
1-3-2-1-1,大涵道比涡扇发动机,5,1-3-2-1,涡扇发动机,航空航天/零部件与分系统/航空发动机及其部件/涡扇发动机/大涵道比涡扇发动机,,
1-3-2-1-2,中涵道比涡扇发动机,5,1-3-2-1,涡扇发动机,航空航天/零部件与分系统/航空发动机及其部件/涡扇发动机/中涵道比涡扇发动机,,
1-3-2-1-3,小涵道比涡扇发动机,5,1-3-2-1,涡扇发动机,航空航天/零部件与分系统/航空发动机及其部件/涡扇发动机/小涵道比涡扇发动机,,
1-3-2-2,涡喷发动机,4,1-3-2,航空发动机及其部件,航空航天/零部件与分系统/航空发动机及其部件/涡喷发动机,,
1-3-2-2-1,小推力涡喷发动机,5,1-3-2-2,涡喷发动机,航空航天/零部件与分系统/航空发动机及其部件/涡喷发动机/小推力涡喷发动机,,
1-3-2-2-2,中推力涡喷发动机,5,1-3-2-2,涡喷发动机,航空航天/零部件与分系统/航空发动机及其部件/涡喷发动机/中推力涡喷发动机,,
1-3-2-2-3,大推力涡喷发动机,5,1-3-2-2,涡喷发动机,航空航天/零部件与分系统/航空发动机及其部件/涡喷发动机/大推力涡喷发动机,,
1-3-2-2-4,加力式涡喷发动机,5,1-3-2-2,涡喷发动机,航空航天/零部件与分系统/航空发动机及其部件/涡喷发动机/加力式涡喷发动机,,
1-3-2-3,涡桨发动机,4,1-3-2,航空发动机及其部件,航空航天/零部件与分系统/航空发动机及其部件/涡桨发动机,,
1-3-2-3-1,小型涡桨发动机,5,1-3-2-3,涡桨发动机,航空航天/零部件与分系统/航空发动机及其部件/涡桨发动机/小型涡桨发动机,,
1-3-2-3-2,中型涡桨发动机,5,1-3-2-3,涡桨发动机,航空航天/零部件与分系统/航空发动机及其部件/涡桨发动机/中型涡桨发动机,,
1-3-2-3-3,大型涡桨发动机,5,1-3-2-3,涡桨发动机,航空航天/零部件与分系统/航空发动机及其部件/涡桨发动机/大型涡桨发动机,,
1-3-2-4,涡轴发动机,4,1-3-2,航空发动机及其部件,航空航天/零部件与分系统/航空发动机及其部件/涡轴发动机,,
1-3-2-4-1,小型涡轴发动机,5,1-3-2-4,涡轴发动机,航空航天/零部件与分系统/航空发动机及其部件/涡轴发动机/小型涡轴发动机,,
1-3-2-4-2,中型涡轴发动机,5,1-3-2-4,涡轴发动机,航空航天/零部件与分系统/航空发动机及其部件/涡轴发动机/中型涡轴发动机,,
1-3-2-4-3,大型涡轴发动机,5,1-3-2-4,涡轴发动机,航空航天/零部件与分系统/航空发动机及其部件/涡轴发动机/大型涡轴发动机,,
1-3-2-5,发动机核心部件,4,1-3-2,航空发动机及其部件,航空航天/零部件与分系统/航空发动机及其部件/发动机核心部件,,
1-3-2-5-1,压气机叶片,5,1-3-2-5,发动机核心部件,航空航天/零部件与分系统/航空发动机及其部件/发动机核心部件/压气机叶片,,
1-3-2-5-2,涡轮叶片,5,1-3-2-5,发动机核心部件,航空航天/零部件与分系统/航空发动机及其部件/发动机核心部件/涡轮叶片,,
1-3-2-5-3,燃烧室,5,1-3-2-5,发动机核心部件,航空航天/零部件与分系统/航空发动机及其部件/发动机核心部件/燃烧室,,
1-3-2-5-4,发动机机匣,5,1-3-2-5,发动机核心部件,航空航天/零部件与分系统/航空发动机及其部件/发动机核心部件/发动机机匣,,
1-3-2-5-5,发动机轴承,5,1-3-2-5,发动机核心部件,航空航天/零部件与分系统/航空发动机及其部件/发动机核心部件/发动机轴承,,
1-3-2-5-6,发动机密封件,5,1-3-2-5,发动机核心部件,航空航天/零部件与分系统/航空发动机及其部件/发动机核心部件/发动机密封件,,
1-3-2-5-7,风扇叶片,5,1-3-2-5,发动机核心部件,航空航天/零部件与分系统/航空发动机及其部件/发动机核心部件/风扇叶片,,
1-3-2-5-8,涡轮盘,5,1-3-2-5,发动机核心部件,航空航天/零部件与分系统/航空发动机及其部件/发动机核心部件/涡轮盘,,
1-3-2-6,辅助动力装置,4,1-3-2,航空发动机及其部件,航空航天/零部件与分系统/航空发动机及其部件/辅助动力装置,,
1-3-2-6-1,机载APU,5,1-3-2-6,辅助动力装置,航空航天/零部件与分系统/航空发动机及其部件/辅助动力装置/机载APU,,
1-3-2-6-2,地面APU,5,1-3-2-6,辅助动力装置,航空航天/零部件与分系统/航空发动机及其部件/辅助动力装置/地面APU,,
1-3-2-6-3,应急动力装置,5,1-3-2-6,辅助动力装置,航空航天/零部件与分系统/航空发动机及其部件/辅助动力装置/应急动力装置,,
1-3-2-6-4,起动发电机,5,1-3-2-6,辅助动力装置,航空航天/零部件与分系统/航空发动机及其部件/辅助动力装置/起动发电机,,
1-3-3,火箭发动机,3,1-3,零部件与分系统,航空航天/零部件与分系统/火箭发动机,航天专用,火箭发动机（液体/固体）与航空发动机原理差异大，应分开
1-3-3-1,液体火箭发动机,4,1-3-3,火箭发动机,航空航天/零部件与分系统/火箭发动机/液体火箭发动机,,
1-3-3-1-1,液氧煤油发动机,5,1-3-3-1,液体火箭发动机,航空航天/零部件与分系统/火箭发动机/液体火箭发动机/液氧煤油发动机,,
1-3-3-1-2,液氢液氧发动机,5,1-3-3-1,液体火箭发动机,航空航天/零部件与分系统/火箭发动机/液体火箭发动机/液氢液氧发动机,,
1-3-3-1-3,液氧甲烷发动机,5,1-3-3-1,液体火箭发动机,航空航天/零部件与分系统/火箭发动机/液体火箭发动机/液氧甲烷发动机,,
1-3-3-1-4,可变推力发动机,5,1-3-3-1,液体火箭发动机,航空航天/零部件与分系统/火箭发动机/液体火箭发动机/可变推力发动机,,
1-3-3-2,固体火箭发动机,4,1-3-3,火箭发动机,航空航天/零部件与分系统/火箭发动机/固体火箭发动机,,
1-3-3-2-1,战略级固体发动机,5,1-3-3-2,固体火箭发动机,航空航天/零部件与分系统/火箭发动机/固体火箭发动机/战略级固体发动机,,
1-3-3-2-2,战术级固体发动机,5,1-3-3-2,固体火箭发动机,航空航天/零部件与分系统/火箭发动机/固体火箭发动机/战术级固体发动机,,
1-3-3-2-3,固体助推器,5,1-3-3-2,固体火箭发动机,航空航天/零部件与分系统/火箭发动机/固体火箭发动机/固体助推器,,
1-3-3-2-4,上面级固体发动机,5,1-3-3-2,固体火箭发动机,航空航天/零部件与分系统/火箭发动机/固体火箭发动机/上面级固体发动机,,
1-3-3-3,发动机组件,4,1-3-3,火箭发动机,航空航天/零部件与分系统/火箭发动机/发动机组件,,
1-3-3-3-1,推力室,5,1-3-3-3,发动机组件,航空航天/零部件与分系统/火箭发动机/发动机组件/推力室,,
1-3-3-3-2,涡轮泵,5,1-3-3-3,发动机组件,航空航天/零部件与分系统/火箭发动机/发动机组件/涡轮泵,,
1-3-3-3-3,燃气发生器,5,1-3-3-3,发动机组件,航空航天/零部件与分系统/火箭发动机/发动机组件/燃气发生器,,
1-3-3-3-4,火箭喷管,5,1-3-3-3,发动机组件,航空航天/零部件与分系统/火箭发动机/发动机组件/火箭喷管,,
1-3-3-3-5,发动机阀门,5,1-3-3-3,发动机组件,航空航天/零部件与分系统/火箭发动机/发动机组件/发动机阀门,,
1-3-3-3-6,摇摆机构,5,1-3-3-3,发动机组件,航空航天/零部件与分系统/火箭发动机/发动机组件/摇摆机构,,
1-3-3-3-7,点火装置,5,1-3-3-3,发动机组件,航空航天/零部件与分系统/火箭发动机/发动机组件/点火装置,,
1-3-3-4,电推进系统,4,1-3-3,火箭发动机,航空航天/零部件与分系统/火箭发动机/电推进系统,,
1-3-3-4-1,霍尔推力器,5,1-3-3-4,电推进系统,航空航天/零部件与分系统/火箭发动机/电推进系统/霍尔推力器,,
1-3-3-4-2,离子推力器,5,1-3-3-4,电推进系统,航空航天/零部件与分系统/火箭发动机/电推进系统/离子推力器,,
1-3-3-4-3,电弧推力器,5,1-3-3-4,电推进系统,航空航天/零部件与分系统/火箭发动机/电推进系统/电弧推力器,,
1-3-3-4-4,脉冲等离子体推力器,5,1-3-3-4,电推进系统,航空航天/零部件与分系统/火箭发动机/电推进系统/脉冲等离子体推力器,,
1-3-4,航电系统,3,1-3,零部件与分系统,航空航天/零部件与分系统/航电系统,航空专用,航电系统针对航空器，与航天器电子系统应用环境差异大
1-3-4-1,飞行控制系统,4,1-3-4,航电系统,航空航天/零部件与分系统/航电系统/飞行控制系统,,
1-3-4-1-1,飞控计算机,5,1-3-4-1,飞行控制系统,航空航天/零部件与分系统/航电系统/飞行控制系统/飞控计算机,,
1-3-4-1-2,作动器,5,1-3-4-1,飞行控制系统,航空航天/零部件与分系统/航电系统/飞行控制系统/作动器,,
1-3-4-1-3,飞控传感器,5,1-3-4-1,飞行控制系统,航空航天/零部件与分系统/航电系统/飞行控制系统/飞控传感器,,
1-3-4-1-4,控制律软件,5,1-3-4-1,飞行控制系统,航空航天/零部件与分系统/航电系统/飞行控制系统/控制律软件,,
1-3-4-1-5,余度管理系统,5,1-3-4-1,飞行控制系统,航空航天/零部件与分系统/航电系统/飞行控制系统/余度管理系统,,
1-3-4-2,导航系统,4,1-3-4,航电系统,航空航天/零部件与分系统/航电系统/导航系统,,
1-3-4-2-1,惯性导航系统,5,1-3-4-2,导航系统,航空航天/零部件与分系统/航电系统/导航系统/惯性导航系统,,
1-3-4-2-2,卫星导航接收机,5,1-3-4-2,导航系统,航空航天/零部件与分系统/航电系统/导航系统/卫星导航接收机,,
1-3-4-2-3,无线电导航设备,5,1-3-4-2,导航系统,航空航天/零部件与分系统/航电系统/导航系统/无线电导航设备,,
1-3-4-2-4,组合导航系统,5,1-3-4-2,导航系统,航空航天/零部件与分系统/航电系统/导航系统/组合导航系统,,
1-3-4-3,通信系统,4,1-3-4,航电系统,航空航天/零部件与分系统/航电系统/通信系统,,
1-3-4-3-1,甚高频电台,5,1-3-4-3,通信系统,航空航天/零部件与分系统/航电系统/通信系统/甚高频电台,,
1-3-4-3-2,高频电台,5,1-3-4-3,通信系统,航空航天/零部件与分系统/航电系统/通信系统/高频电台,,
1-3-4-3-3,卫星通信终端,5,1-3-4-3,通信系统,航空航天/零部件与分系统/航电系统/通信系统/卫星通信终端,,
1-3-4-3-4,ACARS系统,5,1-3-4-3,通信系统,航空航天/零部件与分系统/航电系统/通信系统/ACARS系统,,
1-3-4-3-5,数据链终端,5,1-3-4-3,通信系统,航空航天/零部件与分系统/航电系统/通信系统/数据链终端,,
1-3-4-4,监视与识别系统,4,1-3-4,航电系统,航空航天/零部件与分系统/航电系统/监视与识别系统,,
1-3-4-4-1,应答机,5,1-3-4-4,监视与识别系统,航空航天/零部件与分系统/航电系统/监视与识别系统/应答机,,
1-3-4-4-2,气象雷达,5,1-3-4-4,监视与识别系统,航空航天/零部件与分系统/航电系统/监视与识别系统/气象雷达,,
1-3-4-4-3,TCAS系统,5,1-3-4-4,监视与识别系统,航空航天/零部件与分系统/航电系统/监视与识别系统/TCAS系统,,
1-3-4-4-4,ADS-B系统,5,1-3-4-4,监视与识别系统,航空航天/零部件与分系统/航电系统/监视与识别系统/ADS-B系统,,
1-3-4-4-5,敌我识别器,5,1-3-4-4,监视与识别系统,航空航天/零部件与分系统/航电系统/监视与识别系统/敌我识别器,,
1-3-4-5,座舱显示与控制,4,1-3-4,航电系统,航空航天/零部件与分系统/航电系统/座舱显示与控制,,
1-3-4-5-1,平视显示器,5,1-3-4-5,座舱显示与控制,航空航天/零部件与分系统/航电系统/座舱显示与控制/平视显示器,,
1-3-4-5-2,主飞行显示器,5,1-3-4-5,座舱显示与控制,航空航天/零部件与分系统/航电系统/座舱显示与控制/主飞行显示器,,
1-3-4-5-3,多功能显示器,5,1-3-4-5,座舱显示与控制,航空航天/零部件与分系统/航电系统/座舱显示与控制/多功能显示器,,
1-3-4-5-4,EICAS系统,5,1-3-4-5,座舱显示与控制,航空航天/零部件与分系统/航电系统/座舱显示与控制/EICAS系统,,
1-3-4-5-5,触摸控制面板,5,1-3-4-5,座舱显示与控制,航空航天/零部件与分系统/航电系统/座舱显示与控制/触摸控制面板,,
1-3-5,航空机电系统,3,1-3,零部件与分系统,航空航天/零部件与分系统/航空机电系统,航空专用,
1-3-5-1,液压系统,4,1-3-5,航空机电系统,航空航天/零部件与分系统/航空机电系统/液压系统,,
1-3-5-1-1,液压泵,5,1-3-5-1,液压系统,航空航天/零部件与分系统/航空机电系统/液压系统/液压泵,,
1-3-5-1-2,液压马达,5,1-3-5-1,液压系统,航空航天/零部件与分系统/航空机电系统/液压系统/液压马达,,
1-3-5-1-3,液压作动筒,5,1-3-5-1,液压系统,航空航天/零部件与分系统/航空机电系统/液压系统/液压作动筒,,
1-3-5-1-4,液压阀,5,1-3-5-1,液压系统,航空航天/零部件与分系统/航空机电系统/液压系统/液压阀,,
1-3-5-1-5,液压蓄能器,5,1-3-5-1,液压系统,航空航天/零部件与分系统/航空机电系统/液压系统/液压蓄能器,,
1-3-5-1-6,液压油箱,5,1-3-5-1,液压系统,航空航天/零部件与分系统/航空机电系统/液压系统/液压油箱,,
1-3-5-2,电气系统,4,1-3-5,航空机电系统,航空航天/零部件与分系统/航空机电系统/电气系统,,
1-3-5-2-1,发电机,5,1-3-5-2,电气系统,航空航天/零部件与分系统/航空机电系统/电气系统/发电机,,
1-3-5-2-2,变压器整流器,5,1-3-5-2,电气系统,航空航天/零部件与分系统/航空机电系统/电气系统/变压器整流器,,
1-3-5-2-3,航空蓄电池,5,1-3-5-2,电气系统,航空航天/零部件与分系统/航空机电系统/电气系统/航空蓄电池,,
1-3-5-2-4,配电系统,5,1-3-5-2,电气系统,航空航天/零部件与分系统/航空机电系统/电气系统/配电系统,,
1-3-5-2-5,电缆束,5,1-3-5-2,电气系统,航空航天/零部件与分系统/航空机电系统/电气系统/电缆束,,
1-3-5-3,环控系统,4,1-3-5,航空机电系统,航空航天/零部件与分系统/航空机电系统/环控系统,,
1-3-5-3-1,空调组件,5,1-3-5-3,环控系统,航空航天/零部件与分系统/航空机电系统/环控系统/空调组件,,
1-3-5-3-2,座舱增压系统,5,1-3-5-3,环控系统,航空航天/零部件与分系统/航空机电系统/环控系统/座舱增压系统,,
1-3-5-3-3,氧气系统,5,1-3-5-3,环控系统,航空航天/零部件与分系统/航空机电系统/环控系统/氧气系统,,
1-3-5-3-4,防冰除雨系统,5,1-3-5-3,环控系统,航空航天/零部件与分系统/航空机电系统/环控系统/防冰除雨系统,,
1-3-5-4,燃油系统,4,1-3-5,航空机电系统,航空航天/零部件与分系统/航空机电系统/燃油系统,,
1-3-5-4-1,燃油箱,5,1-3-5-4,燃油系统,航空航天/零部件与分系统/航空机电系统/燃油系统/燃油箱,,
1-3-5-4-2,燃油泵,5,1-3-5-4,燃油系统,航空航天/零部件与分系统/航空机电系统/燃油系统/燃油泵,,
1-3-5-4-3,燃油阀,5,1-3-5-4,燃油系统,航空航天/零部件与分系统/航空机电系统/燃油系统/燃油阀,,
1-3-5-4-4,燃油计量装置,5,1-3-5-4,燃油系统,航空航天/零部件与分系统/航空机电系统/燃油系统/燃油计量装置,,
1-3-5-4-5,输油系统,5,1-3-5-4,燃油系统,航空航天/零部件与分系统/航空机电系统/燃油系统/输油系统,,
1-3-5-5,起落架系统,4,1-3-5,航空机电系统,航空航天/零部件与分系统/航空机电系统/起落架系统,,
1-3-5-5-1,主起落架,5,1-3-5-5,起落架系统,航空航天/零部件与分系统/航空机电系统/起落架系统/主起落架,,
1-3-5-5-2,前起落架,5,1-3-5-5,起落架系统,航空航天/零部件与分系统/航空机电系统/起落架系统/前起落架,,
1-3-5-5-3,缓冲支柱,5,1-3-5-5,起落架系统,航空航天/零部件与分系统/航空机电系统/起落架系统/缓冲支柱,,
1-3-5-5-4,刹车系统,5,1-3-5-5,起落架系统,航空航天/零部件与分系统/航空机电系统/起落架系统/刹车系统,,
1-3-5-5-5,航空轮胎,5,1-3-5-5,起落架系统,航空航天/零部件与分系统/航空机电系统/起落架系统/航空轮胎,,
1-3-5-5-6,收放机构,5,1-3-5-5,起落架系统,航空航天/零部件与分系统/航空机电系统/起落架系统/收放机构,,
1-3-6,机体结构部件,3,1-3,零部件与分系统,航空航天/零部件与分系统/机体结构部件,航空专用,
1-3-6-1,机翼部件,4,1-3-6,机体结构部件,航空航天/零部件与分系统/机体结构部件/机翼部件,,
1-3-6-1-1,翼梁,5,1-3-6-1,机翼部件,航空航天/零部件与分系统/机体结构部件/机翼部件/翼梁,,
1-3-6-1-2,翼肋,5,1-3-6-1,机翼部件,航空航天/零部件与分系统/机体结构部件/机翼部件/翼肋,,
1-3-6-1-3,机翼蒙皮,5,1-3-6-1,机翼部件,航空航天/零部件与分系统/机体结构部件/机翼部件/机翼蒙皮,,
1-3-6-1-4,前缘缝翼,5,1-3-6-1,机翼部件,航空航天/零部件与分系统/机体结构部件/机翼部件/前缘缝翼,,
1-3-6-1-5,后缘襟翼,5,1-3-6-1,机翼部件,航空航天/零部件与分系统/机体结构部件/机翼部件/后缘襟翼,,
1-3-6-1-6,副翼,5,1-3-6-1,机翼部件,航空航天/零部件与分系统/机体结构部件/机翼部件/副翼,,
1-3-6-1-7,扰流板,5,1-3-6-1,机翼部件,航空航天/零部件与分系统/机体结构部件/机翼部件/扰流板,,
1-3-6-2,机身部件,4,1-3-6,机体结构部件,航空航天/零部件与分系统/机体结构部件/机身部件,,
1-3-6-2-1,机身框,5,1-3-6-2,机身部件,航空航天/零部件与分系统/机体结构部件/机身部件/机身框,,
1-3-6-2-2,机身梁,5,1-3-6-2,机身部件,航空航天/零部件与分系统/机体结构部件/机身部件/机身梁,,
1-3-6-2-3,机身蒙皮,5,1-3-6-2,机身部件,航空航天/零部件与分系统/机体结构部件/机身部件/机身蒙皮,,
1-3-6-2-4,隔框,5,1-3-6-2,机身部件,航空航天/零部件与分系统/机体结构部件/机身部件/隔框,,
1-3-6-2-5,地板梁,5,1-3-6-2,机身部件,航空航天/零部件与分系统/机体结构部件/机身部件/地板梁,,
1-3-6-2-6,机身舱门,5,1-3-6-2,机身部件,航空航天/零部件与分系统/机体结构部件/机身部件/机身舱门,,
1-3-6-3,尾翼部件,4,1-3-6,机体结构部件,航空航天/零部件与分系统/机体结构部件/尾翼部件,,
1-3-6-3-1,垂直安定面,5,1-3-6-3,尾翼部件,航空航天/零部件与分系统/机体结构部件/尾翼部件/垂直安定面,,
1-3-6-3-2,方向舵,5,1-3-6-3,尾翼部件,航空航天/零部件与分系统/机体结构部件/尾翼部件/方向舵,,
1-3-6-3-3,水平安定面,5,1-3-6-3,尾翼部件,航空航天/零部件与分系统/机体结构部件/尾翼部件/水平安定面,,
1-3-6-3-4,升降舵,5,1-3-6-3,尾翼部件,航空航天/零部件与分系统/机体结构部件/尾翼部件/升降舵,,
1-3-6-3-5,全动平尾,5,1-3-6-3,尾翼部件,航空航天/零部件与分系统/机体结构部件/尾翼部件/全动平尾,,
1-3-7,航天器推进系统,3,1-3,零部件与分系统,航空航天/零部件与分系统/航天器推进系统,航天专用,
1-3-7-1,姿轨控系统,4,1-3-7,航天器推进系统,航空航天/零部件与分系统/航天器推进系统/姿轨控系统,,
1-3-7-1-1,姿控推力器,5,1-3-7-1,姿轨控系统,航空航天/零部件与分系统/航天器推进系统/姿轨控系统/姿控推力器,,
1-3-7-1-2,轨控发动机,5,1-3-7-1,姿轨控系统,航空航天/零部件与分系统/航天器推进系统/姿轨控系统/轨控发动机,,
1-3-7-1-3,推进剂贮箱,5,1-3-7-1,姿轨控系统,航空航天/零部件与分系统/航天器推进系统/姿轨控系统/推进剂贮箱,,
1-3-7-1-4,高压压力容器,5,1-3-7-1,姿轨控系统,航空航天/零部件与分系统/航天器推进系统/姿轨控系统/高压压力容器,,
1-3-7-1-5,推进管路,5,1-3-7-1,姿轨控系统,航空航天/零部件与分系统/航天器推进系统/姿轨控系统/推进管路,,
1-3-7-2,航天器电推进系统,4,1-3-7,航天器推进系统,航空航天/零部件与分系统/航天器推进系统/航天器电推进系统,,
1-3-7-2-1,离子推进模块,5,1-3-7-2,航天器电推进系统,航空航天/零部件与分系统/航天器推进系统/航天器电推进系统/离子推进模块,,
1-3-7-2-2,霍尔推进模块,5,1-3-7-2,航天器电推进系统,航空航天/零部件与分系统/航天器推进系统/航天器电推进系统/霍尔推进模块,,
1-3-7-2-3,电弧推进模块,5,1-3-7-2,航天器电推进系统,航空航天/零部件与分系统/航天器推进系统/航天器电推进系统/电弧推进模块,,
1-3-7-2-4,推进剂储供系统,5,1-3-7-2,航天器电推进系统,航空航天/零部件与分系统/航天器推进系统/航天器电推进系统/推进剂储供系统,,
1-3-7-3,冷气推进系统,4,1-3-7,航天器推进系统,航空航天/零部件与分系统/航天器推进系统/冷气推进系统,,
1-3-7-3-1,冷气推力器,5,1-3-7-3,冷气推进系统,航空航天/零部件与分系统/航天器推进系统/冷气推进系统/冷气推力器,,
1-3-7-3-2,高压气瓶,5,1-3-7-3,冷气推进系统,航空航天/零部件与分系统/航天器推进系统/冷气推进系统/高压气瓶,,
1-3-7-3-3,减压阀,5,1-3-7-3,冷气推进系统,航空航天/零部件与分系统/航天器推进系统/冷气推进系统/减压阀,,
1-3-7-3-4,冷气管路组件,5,1-3-7-3,冷气推进系统,航空航天/零部件与分系统/航天器推进系统/冷气推进系统/冷气管路组件,,
1-3-8,航天器电源系统,3,1-3,零部件与分系统,航空航天/零部件与分系统/航天器电源系统,航天专用,
1-3-8-1,太阳电池阵,4,1-3-8,航天器电源系统,航空航天/零部件与分系统/航天器电源系统/太阳电池阵,,
1-3-8-1-1,刚性太阳翼,5,1-3-8-1,太阳电池阵,航空航天/零部件与分系统/航天器电源系统/太阳电池阵/刚性太阳翼,,
1-3-8-1-2,柔性太阳翼,5,1-3-8-1,太阳电池阵,航空航天/零部件与分系统/航天器电源系统/太阳电池阵/柔性太阳翼,,
1-3-8-1-3,体装式太阳电池阵,5,1-3-8-1,太阳电池阵,航空航天/零部件与分系统/航天器电源系统/太阳电池阵/体装式太阳电池阵,,
1-3-8-1-4,聚光太阳电池阵,5,1-3-8-1,太阳电池阵,航空航天/零部件与分系统/航天器电源系统/太阳电池阵/聚光太阳电池阵,,
1-3-8-2,航天器蓄电池,4,1-3-8,航天器电源系统,航空航天/零部件与分系统/航天器电源系统/航天器蓄电池,,
1-3-8-2-1,锂离子电池组,5,1-3-8-2,航天器蓄电池,航空航天/零部件与分系统/航天器电源系统/航天器蓄电池/锂离子电池组,,
1-3-8-2-2,镍氢电池组,5,1-3-8-2,航天器蓄电池,航空航天/零部件与分系统/航天器电源系统/航天器蓄电池/镍氢电池组,,
1-3-8-2-3,镉镍电池组,5,1-3-8-2,航天器蓄电池,航空航天/零部件与分系统/航天器电源系统/航天器蓄电池/镉镍电池组,,
1-3-8-2-4,电池组管理系统,5,1-3-8-2,航天器蓄电池,航空航天/零部件与分系统/航天器电源系统/航天器蓄电池/电池组管理系统,,
1-3-8-3,电源控制设备,4,1-3-8,航天器电源系统,航空航天/零部件与分系统/航天器电源系统/电源控制设备,,
1-3-8-3-1,功率调节单元,5,1-3-8-3,电源控制设备,航空航天/零部件与分系统/航天器电源系统/电源控制设备/功率调节单元,,
1-3-8-3-2,分流调节器,5,1-3-8-3,电源控制设备,航空航天/零部件与分系统/航天器电源系统/电源控制设备/分流调节器,,
1-3-8-3-3,放电调节器,5,1-3-8-3,电源控制设备,航空航天/零部件与分系统/航天器电源系统/电源控制设备/放电调节器,,
1-3-8-3-4,配电单元,5,1-3-8-3,电源控制设备,航空航天/零部件与分系统/航天器电源系统/电源控制设备/配电单元,,
1-3-8-4,空间核电源,4,1-3-8,航天器电源系统,航空航天/零部件与分系统/航天器电源系统/空间核电源,,
1-3-8-4-1,放射性同位素电源,5,1-3-8-4,空间核电源,航空航天/零部件与分系统/航天器电源系统/空间核电源/放射性同位素电源,,
1-3-8-4-2,空间核反应堆,5,1-3-8-4,空间核电源,航空航天/零部件与分系统/航天器电源系统/空间核电源/空间核反应堆,,
1-3-8-4-3,核热源,5,1-3-8-4,空间核电源,航空航天/零部件与分系统/航天器电源系统/空间核电源/核热源,,
1-3-9,航天器测控通信,3,1-3,零部件与分系统,航空航天/零部件与分系统/航天器测控通信,航天专用,
1-3-9-1,测控应答机,4,1-3-9,航天器测控通信,航空航天/零部件与分系统/航天器测控通信/测控应答机,,
1-3-9-1-1,S波段应答机,5,1-3-9-1,测控应答机,航空航天/零部件与分系统/航天器测控通信/测控应答机/S波段应答机,,
1-3-9-1-2,X波段应答机,5,1-3-9-1,测控应答机,航空航天/零部件与分系统/航天器测控通信/测控应答机/X波段应答机,,
1-3-9-1-3,Ka波段应答机,5,1-3-9-1,测控应答机,航空航天/零部件与分系统/航天器测控通信/测控应答机/Ka波段应答机,,
1-3-9-1-4,统一载波应答机,5,1-3-9-1,测控应答机,航空航天/零部件与分系统/航天器测控通信/测控应答机/统一载波应答机,,
1-3-9-2,数据中继终端,4,1-3-9,航天器测控通信,航空航天/零部件与分系统/航天器测控通信/数据中继终端,,
1-3-9-2-1,中继通信终端,5,1-3-9-2,数据中继终端,航空航天/零部件与分系统/航天器测控通信/数据中继终端/中继通信终端,,
1-3-9-2-2,星间链路终端,5,1-3-9-2,数据中继终端,航空航天/零部件与分系统/航天器测控通信/数据中继终端/星间链路终端,,
1-3-9-2-3,激光通信终端,5,1-3-9-2,数据中继终端,航空航天/零部件与分系统/航天器测控通信/数据中继终端/激光通信终端,,
1-3-9-2-4,中继通信天线,5,1-3-9-2,数据中继终端,航空航天/零部件与分系统/航天器测控通信/数据中继终端/中继通信天线,,
1-3-9-3,航天器天线系统,4,1-3-9,航天器测控通信,航空航天/零部件与分系统/航天器测控通信/航天器天线系统,,
1-3-9-3-1,固面天线,5,1-3-9-3,航天器天线系统,航空航天/零部件与分系统/航天器测控通信/航天器天线系统/固面天线,,
1-3-9-3-2,可展开天线,5,1-3-9-3,航天器天线系统,航空航天/零部件与分系统/航天器测控通信/航天器天线系统/可展开天线,,
1-3-9-3-3,相控阵天线,5,1-3-9-3,航天器天线系统,航空航天/零部件与分系统/航天器测控通信/航天器天线系统/相控阵天线,,
1-3-9-3-4,螺旋天线,5,1-3-9-3,航天器天线系统,航空航天/零部件与分系统/航天器测控通信/航天器天线系统/螺旋天线,,
1-3-9-3-5,贴片天线,5,1-3-9-3,航天器天线系统,航空航天/零部件与分系统/航天器测控通信/航天器天线系统/贴片天线,,
1-3-9-4,数据管理系统,4,1-3-9,航天器测控通信,航空航天/零部件与分系统/航天器测控通信/数据管理系统,,
1-3-9-4-1,星务计算机,5,1-3-9-4,数据管理系统,航空航天/零部件与分系统/航天器测控通信/数据管理系统/星务计算机,,
1-3-9-4-2,数据存储单元,5,1-3-9-4,数据管理系统,航空航天/零部件与分系统/航天器测控通信/数据管理系统/数据存储单元,,
1-3-9-4-3,总线接口单元,5,1-3-9-4,数据管理系统,航空航天/零部件与分系统/航天器测控通信/数据管理系统/总线接口单元,,
1-3-9-4-4,数据注入模块,5,1-3-9-4,数据管理系统,航空航天/零部件与分系统/航天器测控通信/数据管理系统/数据注入模块,,
1-3-10,航天器热控系统,3,1-3,零部件与分系统,航空航天/零部件与分系统/航天器热控系统,航天专用,
1-3-10-1,被动热控,4,1-3-10,航天器热控系统,航空航天/零部件与分系统/航天器热控系统/被动热控,,
1-3-10-1-1,热控涂层,5,1-3-10-1,被动热控,航空航天/零部件与分系统/航天器热控系统/被动热控/热控涂层,,
1-3-10-1-2,多层隔热材料,5,1-3-10-1,被动热控,航空航天/零部件与分系统/航天器热控系统/被动热控/多层隔热材料,,
1-3-10-1-3,航天热管,5,1-3-10-1,被动热控,航空航天/零部件与分系统/航天器热控系统/被动热控/航天热管,,
1-3-10-1-4,相变材料,5,1-3-10-1,被动热控,航空航天/零部件与分系统/航天器热控系统/被动热控/相变材料,,
1-3-10-2,主动热控,4,1-3-10,航天器热控系统,航空航天/零部件与分系统/航天器热控系统/主动热控,,
1-3-10-2-1,流体回路,5,1-3-10-2,主动热控,航空航天/零部件与分系统/航天器热控系统/主动热控/流体回路,,
1-3-10-2-2,电加热器,5,1-3-10-2,主动热控,航空航天/零部件与分系统/航天器热控系统/主动热控/电加热器,,
1-3-10-2-3,热控百叶窗,5,1-3-10-2,主动热控,航空航天/零部件与分系统/航天器热控系统/主动热控/热控百叶窗,,
1-3-10-2-4,可展开散热器,5,1-3-10-2,主动热控,航空航天/零部件与分系统/航天器热控系统/主动热控/可展开散热器,,
1-3-10-3,热控组件,4,1-3-10,航天器热控系统,航空航天/零部件与分系统/航天器热控系统/热控组件,,
1-3-10-3-1,温度传感器,5,1-3-10-3,热控组件,航空航天/零部件与分系统/航天器热控系统/热控组件/温度传感器,,
1-3-10-3-2,加热片,5,1-3-10-3,热控组件,航空航天/零部件与分系统/航天器热控系统/热控组件/加热片,,
1-3-10-3-3,热控开关,5,1-3-10-3,热控组件,航空航天/零部件与分系统/航天器热控系统/热控组件/热控开关,,
1-3-10-3-4,流体管路,5,1-3-10-3,热控组件,航空航天/零部件与分系统/航天器热控系统/热控组件/流体管路,,
1-3-10-3-5,热控泵组件,5,1-3-10-3,热控组件,航空航天/零部件与分系统/航天器热控系统/热控组件/热控泵组件,,
1-3-11,有效载荷,3,1-3,零部件与分系统,航空航天/零部件与分系统/有效载荷,航天专用,
1-3-11-1,光学载荷,4,1-3-11,有效载荷,航空航天/零部件与分系统/有效载荷/光学载荷,,
1-3-11-1-1,光学相机,5,1-3-11-1,光学载荷,航空航天/零部件与分系统/有效载荷/光学载荷/光学相机,,
1-3-11-1-2,红外相机,5,1-3-11-1,光学载荷,航空航天/零部件与分系统/有效载荷/光学载荷/红外相机,,
1-3-11-1-3,多光谱成像仪,5,1-3-11-1,光学载荷,航空航天/零部件与分系统/有效载荷/光学载荷/多光谱成像仪,,
1-3-11-1-4,高光谱成像仪,5,1-3-11-1,光学载荷,航空航天/零部件与分系统/有效载荷/光学载荷/高光谱成像仪,,
1-3-11-1-5,航天激光雷达,5,1-3-11-1,光学载荷,航空航天/零部件与分系统/有效载荷/光学载荷/航天激光雷达,,
1-3-11-2,微波载荷,4,1-3-11,有效载荷,航空航天/零部件与分系统/有效载荷/微波载荷,,
1-3-11-2-1,星载合成孔径雷达,5,1-3-11-2,微波载荷,航空航天/零部件与分系统/有效载荷/微波载荷/星载合成孔径雷达,,
1-3-11-2-2,微波辐射计,5,1-3-11-2,微波载荷,航空航天/零部件与分系统/有效载荷/微波载荷/微波辐射计,,
1-3-11-2-3,雷达高度计,5,1-3-11-2,微波载荷,航空航天/零部件与分系统/有效载荷/微波载荷/雷达高度计,,
1-3-11-2-4,散射计,5,1-3-11-2,微波载荷,航空航天/零部件与分系统/有效载荷/微波载荷/散射计,,
1-3-11-3,通信载荷,4,1-3-11,有效载荷,航空航天/零部件与分系统/有效载荷/通信载荷,,
1-3-11-3-1,通信转发器,5,1-3-11-3,通信载荷,航空航天/零部件与分系统/有效载荷/通信载荷/通信转发器,,
1-3-11-3-2,通信天线,5,1-3-11-3,通信载荷,航空航天/零部件与分系统/有效载荷/通信载荷/通信天线,,
1-3-11-3-3,星上处理设备,5,1-3-11-3,通信载荷,航空航天/零部件与分系统/有效载荷/通信载荷/星上处理设备,,
1-3-11-3-4,波束成形网络,5,1-3-11-3,通信载荷,航空航天/零部件与分系统/有效载荷/通信载荷/波束成形网络,,
1-3-11-4,导航载荷,4,1-3-11,有效载荷,航空航天/零部件与分系统/有效载荷/导航载荷,,
1-3-11-4-1,星载原子钟,5,1-3-11-4,导航载荷,航空航天/零部件与分系统/有效载荷/导航载荷/星载原子钟,,
1-3-11-4-2,导航信号生成设备,5,1-3-11-4,导航载荷,航空航天/零部件与分系统/有效载荷/导航载荷/导航信号生成设备,,
1-3-11-4-3,激光反射器,5,1-3-11-4,导航载荷,航空航天/零部件与分系统/有效载荷/导航载荷/激光反射器,,
1-3-11-5,科学载荷,4,1-3-11,有效载荷,航空航天/零部件与分系统/有效载荷/科学载荷,,
1-3-11-5-1,粒子探测器,5,1-3-11-5,科学载荷,航空航天/零部件与分系统/有效载荷/科学载荷/粒子探测器,,
1-3-11-5-2,磁场探测仪,5,1-3-11-5,科学载荷,航空航天/零部件与分系统/有效载荷/科学载荷/磁场探测仪,,
1-3-11-5-3,等离子体探测仪,5,1-3-11-5,科学载荷,航空航天/零部件与分系统/有效载荷/科学载荷/等离子体探测仪,,
1-3-11-5-4,X射线探测仪,5,1-3-11-5,科学载荷,航空航天/零部件与分系统/有效载荷/科学载荷/X射线探测仪,,
1-3-12,航空任务系统,3,1-3,零部件与分系统,航空航天/零部件与分系统/航空任务系统,航空专用,
1-3-12-1,雷达系统,4,1-3-12,航空任务系统,航空航天/零部件与分系统/航空任务系统/雷达系统,,
1-3-12-1-1,机载有源相控阵雷达,5,1-3-12-1,雷达系统,航空航天/零部件与分系统/航空任务系统/雷达系统/机载有源相控阵雷达,,
1-3-12-1-2,机载无源相控阵雷达,5,1-3-12-1,雷达系统,航空航天/零部件与分系统/航空任务系统/雷达系统/机载无源相控阵雷达,,
1-3-12-1-3,机载合成孔径雷达,5,1-3-12-1,雷达系统,航空航天/零部件与分系统/航空任务系统/雷达系统/机载合成孔径雷达,,
1-3-12-1-4,机载气象雷达,5,1-3-12-1,雷达系统,航空航天/零部件与分系统/航空任务系统/雷达系统/机载气象雷达,,
1-3-12-2,光电系统,4,1-3-12,航空任务系统,航空航天/零部件与分系统/航空任务系统/光电系统,,
1-3-12-2-1,前视红外系统,5,1-3-12-2,光电系统,航空航天/零部件与分系统/航空任务系统/光电系统/前视红外系统,,
1-3-12-2-2,红外搜索跟踪系统,5,1-3-12-2,光电系统,航空航天/零部件与分系统/航空任务系统/光电系统/红外搜索跟踪系统,,
1-3-12-2-3,激光吊舱,5,1-3-12-2,光电系统,航空航天/零部件与分系统/航空任务系统/光电系统/激光吊舱,,
1-3-12-2-4,光电吊舱,5,1-3-12-2,光电系统,航空航天/零部件与分系统/航空任务系统/光电系统/光电吊舱,,
1-3-12-2-5,夜视设备,5,1-3-12-2,光电系统,航空航天/零部件与分系统/航空任务系统/光电系统/夜视设备,,
1-3-12-3,电子战系统,4,1-3-12,航空任务系统,航空航天/零部件与分系统/航空任务系统/电子战系统,,
1-3-12-3-1,雷达告警接收机,5,1-3-12-3,电子战系统,航空航天/零部件与分系统/航空任务系统/电子战系统/雷达告警接收机,,
1-3-12-3-2,电子干扰机,5,1-3-12-3,电子战系统,航空航天/零部件与分系统/航空任务系统/电子战系统/电子干扰机,,
1-3-12-3-3,箔条红外诱饵,5,1-3-12-3,电子战系统,航空航天/零部件与分系统/航空任务系统/电子战系统/箔条红外诱饵,,
1-3-12-3-4,电子支援措施,5,1-3-12-3,电子战系统,航空航天/零部件与分系统/航空任务系统/电子战系统/电子支援措施,,
1-3-12-4,机载武器系统,4,1-3-12,航空任务系统,航空航天/零部件与分系统/航空任务系统/机载武器系统,,
1-3-12-4-1,航空机关炮,5,1-3-12-4,机载武器系统,航空航天/零部件与分系统/航空任务系统/机载武器系统/航空机关炮,,
1-3-12-4-2,空空导弹,5,1-3-12-4,机载武器系统,航空航天/零部件与分系统/航空任务系统/机载武器系统/空空导弹,,
1-3-12-4-3,空地导弹,5,1-3-12-4,机载武器系统,航空航天/零部件与分系统/航空任务系统/机载武器系统/空地导弹,,
1-3-12-4-4,航空炸弹,5,1-3-12-4,机载武器系统,航空航天/零部件与分系统/航空任务系统/机载武器系统/航空炸弹,,
1-3-12-4-5,航空火箭弹,5,1-3-12-4,机载武器系统,航空航天/零部件与分系统/航空任务系统/机载武器系统/航空火箭弹,,
1-3-12-4-6,武器挂架,5,1-3-12-4,机载武器系统,航空航天/零部件与分系统/航空任务系统/机载武器系统/武器挂架,,
1-4,整机与整器,2,1,航空航天,航空航天/整机与整器,,
1-4-1,航空器整机,3,1-4,整机与整器,航空航天/整机与整器/航空器整机,航空专用,航空器和航天器产品形态完全不同，应分开
1-4-1-1,民用飞机,4,1-4-1,航空器整机,航空航天/整机与整器/航空器整机/民用飞机,,
1-4-1-1-1,干线客机,5,1-4-1-1,民用飞机,航空航天/整机与整器/航空器整机/民用飞机/干线客机,,
1-4-1-1-1-1,窄体干线客机,6,1-4-1-1-1,干线客机,航空航天/整机与整器/航空器整机/民用飞机/干线客机/窄体干线客机,,
1-4-1-1-1-2,宽体干线客机,6,1-4-1-1-1,干线客机,航空航天/整机与整器/航空器整机/民用飞机/干线客机/宽体干线客机,,
1-4-1-1-1-3,超大型客机,6,1-4-1-1-1,干线客机,航空航天/整机与整器/航空器整机/民用飞机/干线客机/超大型客机,,
1-4-1-1-2,支线客机,5,1-4-1-1,民用飞机,航空航天/整机与整器/航空器整机/民用飞机/支线客机,,
1-4-1-1-2-1,涡桨支线客机,6,1-4-1-1-2,支线客机,航空航天/整机与整器/航空器整机/民用飞机/支线客机/涡桨支线客机,,
1-4-1-1-2-2,涡扇支线客机,6,1-4-1-1-2,支线客机,航空航天/整机与整器/航空器整机/民用飞机/支线客机/涡扇支线客机,,
1-4-1-1-2-3,通勤飞机,6,1-4-1-1-2,支线客机,航空航天/整机与整器/航空器整机/民用飞机/支线客机/通勤飞机,,
1-4-1-1-3,民用货机,5,1-4-1-1,民用飞机,航空航天/整机与整器/航空器整机/民用飞机/民用货机,,
1-4-1-1-3-1,窄体货机,6,1-4-1-1-3,民用货机,航空航天/整机与整器/航空器整机/民用飞机/民用货机/窄体货机,,
1-4-1-1-3-2,宽体货机,6,1-4-1-1-3,民用货机,航空航天/整机与整器/航空器整机/民用飞机/民用货机/宽体货机,,
1-4-1-1-3-3,专用货机,6,1-4-1-1-3,民用货机,航空航天/整机与整器/航空器整机/民用飞机/民用货机/专用货机,,
1-4-1-1-4,公务机,5,1-4-1-1,民用飞机,航空航天/整机与整器/航空器整机/民用飞机/公务机,,
1-4-1-1-4-1,超轻型公务机,6,1-4-1-1-4,公务机,航空航天/整机与整器/航空器整机/民用飞机/公务机/超轻型公务机,,
1-4-1-1-4-2,轻型公务机,6,1-4-1-1-4,公务机,航空航天/整机与整器/航空器整机/民用飞机/公务机/轻型公务机,,
1-4-1-1-4-3,中型公务机,6,1-4-1-1-4,公务机,航空航天/整机与整器/航空器整机/民用飞机/公务机/中型公务机,,
1-4-1-1-4-4,大型公务机,6,1-4-1-1-4,公务机,航空航天/整机与整器/航空器整机/民用飞机/公务机/大型公务机,,
1-4-1-1-4-5,超远程公务机,6,1-4-1-1-4,公务机,航空航天/整机与整器/航空器整机/民用飞机/公务机/超远程公务机,,
1-4-1-2,军用飞机,4,1-4-1,航空器整机,航空航天/整机与整器/航空器整机/军用飞机,,
1-4-1-2-1,战斗机,5,1-4-1-2,军用飞机,航空航天/整机与整器/航空器整机/军用飞机/战斗机,,
1-4-1-2-1-1,第四代战斗机,6,1-4-1-2-1,战斗机,航空航天/整机与整器/航空器整机/军用飞机/战斗机/第四代战斗机,,
1-4-1-2-1-2,第四代半战斗机,6,1-4-1-2-1,战斗机,航空航天/整机与整器/航空器整机/军用飞机/战斗机/第四代半战斗机,,
1-4-1-2-1-3,第五代战斗机,6,1-4-1-2-1,战斗机,航空航天/整机与整器/航空器整机/军用飞机/战斗机/第五代战斗机,,
1-4-1-2-1-4,舰载战斗机,6,1-4-1-2-1,战斗机,航空航天/整机与整器/航空器整机/军用飞机/战斗机/舰载战斗机,,
1-4-1-2-1-5,垂直起降战斗机,6,1-4-1-2-1,战斗机,航空航天/整机与整器/航空器整机/军用飞机/战斗机/垂直起降战斗机,,
1-4-1-2-2,轰炸机,5,1-4-1-2,军用飞机,航空航天/整机与整器/航空器整机/军用飞机/轰炸机,,
1-4-1-2-2-1,战略轰炸机,6,1-4-1-2-2,轰炸机,航空航天/整机与整器/航空器整机/军用飞机/轰炸机/战略轰炸机,,
1-4-1-2-2-2,战术轰炸机,6,1-4-1-2-2,轰炸机,航空航天/整机与整器/航空器整机/军用飞机/轰炸机/战术轰炸机,,
1-4-1-2-2-3,隐身轰炸机,6,1-4-1-2-2,轰炸机,航空航天/整机与整器/航空器整机/军用飞机/轰炸机/隐身轰炸机,,
1-4-1-2-3,军用运输机,5,1-4-1-2,军用飞机,航空航天/整机与整器/航空器整机/军用飞机/军用运输机,,
1-4-1-2-3-1,战略运输机,6,1-4-1-2-3,军用运输机,航空航天/整机与整器/航空器整机/军用飞机/军用运输机/战略运输机,,
1-4-1-2-3-2,战术运输机,6,1-4-1-2-3,军用运输机,航空航天/整机与整器/航空器整机/军用飞机/军用运输机/战术运输机,,
1-4-1-2-3-3,空中加油机,6,1-4-1-2-3,军用运输机,航空航天/整机与整器/航空器整机/军用飞机/军用运输机/空中加油机,,
1-4-1-2-4,特种飞机,5,1-4-1-2,军用飞机,航空航天/整机与整器/航空器整机/军用飞机/特种飞机,,
1-4-1-2-4-1,空中预警机,6,1-4-1-2-4,特种飞机,航空航天/整机与整器/航空器整机/军用飞机/特种飞机/空中预警机,,
1-4-1-2-4-2,侦察机,6,1-4-1-2-4,特种飞机,航空航天/整机与整器/航空器整机/军用飞机/特种飞机/侦察机,,
1-4-1-2-4-3,电子战飞机,6,1-4-1-2-4,特种飞机,航空航天/整机与整器/航空器整机/军用飞机/特种飞机/电子战飞机,,
1-4-1-2-4-4,反潜巡逻机,6,1-4-1-2-4,特种飞机,航空航天/整机与整器/航空器整机/军用飞机/特种飞机/反潜巡逻机,,
1-4-1-2-4-5,军用教练机,6,1-4-1-2-4,特种飞机,航空航天/整机与整器/航空器整机/军用飞机/特种飞机/军用教练机,,
1-4-1-2-5,军用无人机,5,1-4-1-2,军用飞机,航空航天/整机与整器/航空器整机/军用飞机/军用无人机,,
1-4-1-2-5-1,察打一体无人机,6,1-4-1-2-5,军用无人机,航空航天/整机与整器/航空器整机/军用飞机/军用无人机/察打一体无人机,,
1-4-1-2-5-2,侦察无人机,6,1-4-1-2-5,军用无人机,航空航天/整机与整器/航空器整机/军用飞机/军用无人机/侦察无人机,,
1-4-1-2-5-3,攻击无人机,6,1-4-1-2-5,军用无人机,航空航天/整机与整器/航空器整机/军用飞机/军用无人机/攻击无人机,,
1-4-1-2-5-4,无人靶机,6,1-4-1-2-5,军用无人机,航空航天/整机与整器/航空器整机/军用飞机/军用无人机/无人靶机,,
1-4-1-2-5-5,忠诚僚机,6,1-4-1-2-5,军用无人机,航空航天/整机与整器/航空器整机/军用飞机/军用无人机/忠诚僚机,,
1-4-1-2-5-6,蜂群无人机,6,1-4-1-2-5,军用无人机,航空航天/整机与整器/航空器整机/军用飞机/军用无人机/蜂群无人机,,
1-4-1-3,直升机,4,1-4-1,航空器整机,航空航天/整机与整器/航空器整机/直升机,,
1-4-1-3-1,民用直升机,5,1-4-1-3,直升机,航空航天/整机与整器/航空器整机/直升机/民用直升机,,
1-4-1-3-1-1,轻型民用直升机,6,1-4-1-3-1,民用直升机,航空航天/整机与整器/航空器整机/直升机/民用直升机/轻型民用直升机,,
1-4-1-3-1-2,中型民用直升机,6,1-4-1-3-1,民用直升机,航空航天/整机与整器/航空器整机/直升机/民用直升机/中型民用直升机,,
1-4-1-3-1-3,重型民用直升机,6,1-4-1-3-1,民用直升机,航空航天/整机与整器/航空器整机/直升机/民用直升机/重型民用直升机,,
1-4-1-3-1-4,超重型民用直升机,6,1-4-1-3-1,民用直升机,航空航天/整机与整器/航空器整机/直升机/民用直升机/超重型民用直升机,,
1-4-1-3-2,军用直升机,5,1-4-1-3,直升机,航空航天/整机与整器/航空器整机/直升机/军用直升机,,
1-4-1-3-2-1,攻击直升机,6,1-4-1-3-2,军用直升机,航空航天/整机与整器/航空器整机/直升机/军用直升机/攻击直升机,,
1-4-1-3-2-2,运输直升机,6,1-4-1-3-2,军用直升机,航空航天/整机与整器/航空器整机/直升机/军用直升机/运输直升机,,
1-4-1-3-2-3,反潜直升机,6,1-4-1-3-2,军用直升机,航空航天/整机与整器/航空器整机/直升机/军用直升机/反潜直升机,,
1-4-1-3-2-4,搜救直升机,6,1-4-1-3-2,军用直升机,航空航天/整机与整器/航空器整机/直升机/军用直升机/搜救直升机,,
1-4-1-3-2-5,侦察直升机,6,1-4-1-3-2,军用直升机,航空航天/整机与整器/航空器整机/直升机/军用直升机/侦察直升机,,
1-4-1-4,通用航空飞机,4,1-4-1,航空器整机,航空航天/整机与整器/航空器整机/通用航空飞机,,
1-4-1-4-1,活塞飞机,5,1-4-1-4,通用航空飞机,航空航天/整机与整器/航空器整机/通用航空飞机/活塞飞机,,
1-4-1-4-1-1,单发活塞飞机,6,1-4-1-4-1,活塞飞机,航空航天/整机与整器/航空器整机/通用航空飞机/活塞飞机/单发活塞飞机,,
1-4-1-4-1-2,双发活塞飞机,6,1-4-1-4-1,活塞飞机,航空航天/整机与整器/航空器整机/通用航空飞机/活塞飞机/双发活塞飞机,,
1-4-1-4-1-3,运动飞机,6,1-4-1-4-1,活塞飞机,航空航天/整机与整器/航空器整机/通用航空飞机/活塞飞机/运动飞机,,
1-4-1-4-1-4,特技飞机,6,1-4-1-4-1,活塞飞机,航空航天/整机与整器/航空器整机/通用航空飞机/活塞飞机/特技飞机,,
1-4-1-4-2,涡桨通用飞机,5,1-4-1-4,通用航空飞机,航空航天/整机与整器/航空器整机/通用航空飞机/涡桨通用飞机,,
1-4-1-4-2-1,单发涡桨飞机,6,1-4-1-4-2,涡桨通用飞机,航空航天/整机与整器/航空器整机/通用航空飞机/涡桨通用飞机/单发涡桨飞机,,
1-4-1-4-2-2,双发涡桨飞机,6,1-4-1-4-2,涡桨通用飞机,航空航天/整机与整器/航空器整机/通用航空飞机/涡桨通用飞机/双发涡桨飞机,,
1-4-1-4-2-3,农用飞机,6,1-4-1-4-2,涡桨通用飞机,航空航天/整机与整器/航空器整机/通用航空飞机/涡桨通用飞机/农用飞机,,
1-4-1-4-3,其他通用飞机,5,1-4-1-4,通用航空飞机,航空航天/整机与整器/航空器整机/通用航空飞机/其他通用飞机,,
1-4-1-4-3-1,水上飞机,6,1-4-1-4-3,其他通用飞机,航空航天/整机与整器/航空器整机/通用航空飞机/其他通用飞机/水上飞机,,
1-4-1-4-3-2,水陆两栖飞机,6,1-4-1-4-3,其他通用飞机,航空航天/整机与整器/航空器整机/通用航空飞机/其他通用飞机/水陆两栖飞机,,
1-4-1-4-3-3,滑翔机,6,1-4-1-4-3,其他通用飞机,航空航天/整机与整器/航空器整机/通用航空飞机/其他通用飞机/滑翔机,,
1-4-1-4-3-4,动力滑翔机,6,1-4-1-4-3,其他通用飞机,航空航天/整机与整器/航空器整机/通用航空飞机/其他通用飞机/动力滑翔机,,
1-4-1-5,其他航空器,4,1-4-1,航空器整机,航空航天/整机与整器/航空器整机/其他航空器,,
1-4-1-5-1,飞艇,5,1-4-1-5,其他航空器,航空航天/整机与整器/航空器整机/其他航空器/飞艇,,
1-4-1-5-1-1,载人飞艇,6,1-4-1-5-1,飞艇,航空航天/整机与整器/航空器整机/其他航空器/飞艇/载人飞艇,,
1-4-1-5-1-2,无人飞艇,6,1-4-1-5-1,飞艇,航空航天/整机与整器/航空器整机/其他航空器/飞艇/无人飞艇,,
1-4-1-5-1-3,高空飞艇,6,1-4-1-5-1,飞艇,航空航天/整机与整器/航空器整机/其他航空器/飞艇/高空飞艇,,
1-4-1-5-2,系留气球,5,1-4-1-5,其他航空器,航空航天/整机与整器/航空器整机/其他航空器/系留气球,,
1-4-1-5-2-1,系留侦察气球,6,1-4-1-5-2,系留气球,航空航天/整机与整器/航空器整机/其他航空器/系留气球/系留侦察气球,,
1-4-1-5-3,电动垂直起降飞行器,5,1-4-1-5,其他航空器,航空航天/整机与整器/航空器整机/其他航空器/电动垂直起降飞行器,,
1-4-1-5-3-1,多旋翼eVTOL,6,1-4-1-5-3,电动垂直起降飞行器,航空航天/整机与整器/航空器整机/其他航空器/电动垂直起降飞行器/多旋翼eVTOL,,
1-4-1-5-3-2,复合翼eVTOL,6,1-4-1-5-3,电动垂直起降飞行器,航空航天/整机与整器/航空器整机/其他航空器/电动垂直起降飞行器/复合翼eVTOL,,
1-4-1-5-3-3,倾转旋翼eVTOL,6,1-4-1-5-3,电动垂直起降飞行器,航空航天/整机与整器/航空器整机/其他航空器/电动垂直起降飞行器/倾转旋翼eVTOL,,
1-4-2,航空发动机整机,3,1-4,整机与整器,航空航天/整机与整器/航空发动机整机,航空专用,航空发动机是飞机的核心部件，但也是独立的产品
1-4-2-1,涡扇发动机整机,4,1-4-2,航空发动机整机,航空航天/整机与整器/航空发动机整机/涡扇发动机整机,,
1-4-2-1-1,大涵道比涡扇发动机,5,1-4-2-1,涡扇发动机整机,航空航天/整机与整器/航空发动机整机/涡扇发动机整机/大涵道比涡扇发动机,,
1-4-2-1-2,中涵道比涡扇发动机,5,1-4-2-1,涡扇发动机整机,航空航天/整机与整器/航空发动机整机/涡扇发动机整机/中涵道比涡扇发动机,,
1-4-2-1-3,小涵道比涡扇发动机,5,1-4-2-1,涡扇发动机整机,航空航天/整机与整器/航空发动机整机/涡扇发动机整机/小涵道比涡扇发动机,,
1-4-2-2,涡喷发动机整机,4,1-4-2,航空发动机整机,航空航天/整机与整器/航空发动机整机/涡喷发动机整机,,
1-4-2-2-1,小推力涡喷发动机,5,1-4-2-2,涡喷发动机整机,航空航天/整机与整器/航空发动机整机/涡喷发动机整机/小推力涡喷发动机,,
1-4-2-2-2,中推力涡喷发动机,5,1-4-2-2,涡喷发动机整机,航空航天/整机与整器/航空发动机整机/涡喷发动机整机/中推力涡喷发动机,,
1-4-2-2-3,大推力涡喷发动机,5,1-4-2-2,涡喷发动机整机,航空航天/整机与整器/航空发动机整机/涡喷发动机整机/大推力涡喷发动机,,
1-4-2-3,涡桨发动机整机,4,1-4-2,航空发动机整机,航空航天/整机与整器/航空发动机整机/涡桨发动机整机,,
1-4-2-3-1,小型涡桨发动机,5,1-4-2-3,涡桨发动机整机,航空航天/整机与整器/航空发动机整机/涡桨发动机整机/小型涡桨发动机,,
1-4-2-3-2,中型涡桨发动机,5,1-4-2-3,涡桨发动机整机,航空航天/整机与整器/航空发动机整机/涡桨发动机整机/中型涡桨发动机,,
1-4-2-3-3,大型涡桨发动机,5,1-4-2-3,涡桨发动机整机,航空航天/整机与整器/航空发动机整机/涡桨发动机整机/大型涡桨发动机,,
1-4-2-4,涡轴发动机整机,4,1-4-2,航空发动机整机,航空航天/整机与整器/航空发动机整机/涡轴发动机整机,,
1-4-2-4-1,小型涡轴发动机,5,1-4-2-4,涡轴发动机整机,航空航天/整机与整器/航空发动机整机/涡轴发动机整机/小型涡轴发动机,,
1-4-2-4-2,中型涡轴发动机,5,1-4-2-4,涡轴发动机整机,航空航天/整机与整器/航空发动机整机/涡轴发动机整机/中型涡轴发动机,,
1-4-2-4-3,大型涡轴发动机,5,1-4-2-4,涡轴发动机整机,航空航天/整机与整器/航空发动机整机/涡轴发动机整机/大型涡轴发动机,,
1-4-3,航天器与运载器,3,1-4,整机与整器,航空航天/整机与整器/航天器与运载器,航天专用,
1-4-3-1,运载火箭,4,1-4-3,航天器与运载器,航空航天/整机与整器/航天器与运载器/运载火箭,,
1-4-3-1-1,液体运载火箭,5,1-4-3-1,运载火箭,航空航天/整机与整器/航天器与运载器/运载火箭/液体运载火箭,,
1-4-3-1-1-1,小型液体火箭,6,1-4-3-1-1,液体运载火箭,航空航天/整机与整器/航天器与运载器/运载火箭/液体运载火箭/小型液体火箭,,
1-4-3-1-1-2,中型液体火箭,6,1-4-3-1-1,液体运载火箭,航空航天/整机与整器/航天器与运载器/运载火箭/液体运载火箭/中型液体火箭,,
1-4-3-1-1-3,大型液体火箭,6,1-4-3-1-1,液体运载火箭,航空航天/整机与整器/航天器与运载器/运载火箭/液体运载火箭/大型液体火箭,,
1-4-3-1-1-4,重型运载火箭,6,1-4-3-1-1,液体运载火箭,航空航天/整机与整器/航天器与运载器/运载火箭/液体运载火箭/重型运载火箭,,
1-4-3-1-2,固体运载火箭,5,1-4-3-1,运载火箭,航空航天/整机与整器/航天器与运载器/运载火箭/固体运载火箭,,
1-4-3-1-2-1,小型固体火箭,6,1-4-3-1-2,固体运载火箭,航空航天/整机与整器/航天器与运载器/运载火箭/固体运载火箭/小型固体火箭,,
1-4-3-1-2-2,中型固体火箭,6,1-4-3-1-2,固体运载火箭,航空航天/整机与整器/航天器与运载器/运载火箭/固体运载火箭/中型固体火箭,,
1-4-3-1-2-3,四级固体火箭,6,1-4-3-1-2,固体运载火箭,航空航天/整机与整器/航天器与运载器/运载火箭/固体运载火箭/四级固体火箭,,
1-4-3-1-3,可重复使用火箭,5,1-4-3-1,运载火箭,航空航天/整机与整器/航天器与运载器/运载火箭/可重复使用火箭,,
1-4-3-1-3-1,部分可重复使用火箭,6,1-4-3-1-3,可重复使用火箭,航空航天/整机与整器/航天器与运载器/运载火箭/可重复使用火箭/部分可重复使用火箭,,
1-4-3-1-3-2,完全可重复使用火箭,6,1-4-3-1-3,可重复使用火箭,航空航天/整机与整器/航天器与运载器/运载火箭/可重复使用火箭/完全可重复使用火箭,,
1-4-3-1-3-3,火箭回收系统,6,1-4-3-1-3,可重复使用火箭,航空航天/整机与整器/航天器与运载器/运载火箭/可重复使用火箭/火箭回收系统,,
1-4-3-1-4,上面级,5,1-4-3-1,运载火箭,航空航天/整机与整器/航天器与运载器/运载火箭/上面级,,
1-4-3-1-4-1,液体上面级,6,1-4-3-1-4,上面级,航空航天/整机与整器/航天器与运载器/运载火箭/上面级/液体上面级,,
1-4-3-1-4-2,固体上面级,6,1-4-3-1-4,上面级,航空航天/整机与整器/航天器与运载器/运载火箭/上面级/固体上面级,,
1-4-3-1-4-3,空间拖船,6,1-4-3-1-4,上面级,航空航天/整机与整器/航天器与运载器/运载火箭/上面级/空间拖船,,
1-4-3-1-4-4,轨道转移飞行器,6,1-4-3-1-4,上面级,航空航天/整机与整器/航天器与运载器/运载火箭/上面级/轨道转移飞行器,,
1-4-3-2,卫星,4,1-4-3,航天器与运载器,航空航天/整机与整器/航天器与运载器/卫星,,
1-4-3-2-1,通信卫星,5,1-4-3-2,卫星,航空航天/整机与整器/航天器与运载器/卫星/通信卫星,,
1-4-3-2-1-1,高轨通信卫星,6,1-4-3-2-1,通信卫星,航空航天/整机与整器/航天器与运载器/卫星/通信卫星/高轨通信卫星,,
1-4-3-2-1-2,中轨通信卫星,6,1-4-3-2-1,通信卫星,航空航天/整机与整器/航天器与运载器/卫星/通信卫星/中轨通信卫星,,
1-4-3-2-1-3,低轨通信卫星,6,1-4-3-2-1,通信卫星,航空航天/整机与整器/航天器与运载器/卫星/通信卫星/低轨通信卫星,,
1-4-3-2-1-4,数据中继卫星,6,1-4-3-2-1,通信卫星,航空航天/整机与整器/航天器与运载器/卫星/通信卫星/数据中继卫星,,
1-4-3-2-2,导航卫星,5,1-4-3-2,卫星,航空航天/整机与整器/航天器与运载器/卫星/导航卫星,,
1-4-3-2-2-1,GEO导航卫星,6,1-4-3-2-2,导航卫星,航空航天/整机与整器/航天器与运载器/卫星/导航卫星/GEO导航卫星,,
1-4-3-2-2-2,IGSO导航卫星,6,1-4-3-2-2,导航卫星,航空航天/整机与整器/航天器与运载器/卫星/导航卫星/IGSO导航卫星,,
1-4-3-2-2-3,MEO导航卫星,6,1-4-3-2-2,导航卫星,航空航天/整机与整器/航天器与运载器/卫星/导航卫星/MEO导航卫星,,
1-4-3-2-3,遥感卫星,5,1-4-3-2,卫星,航空航天/整机与整器/航天器与运载器/卫星/遥感卫星,,
1-4-3-2-3-1,光学遥感卫星,6,1-4-3-2-3,遥感卫星,航空航天/整机与整器/航天器与运载器/卫星/遥感卫星/光学遥感卫星,,
1-4-3-2-3-2,SAR遥感卫星,6,1-4-3-2-3,遥感卫星,航空航天/整机与整器/航天器与运载器/卫星/遥感卫星/SAR遥感卫星,,
1-4-3-2-3-3,红外遥感卫星,6,1-4-3-2-3,遥感卫星,航空航天/整机与整器/航天器与运载器/卫星/遥感卫星/红外遥感卫星,,
1-4-3-2-3-4,高光谱卫星,6,1-4-3-2-3,遥感卫星,航空航天/整机与整器/航天器与运载器/卫星/遥感卫星/高光谱卫星,,
1-4-3-2-4,气象卫星,5,1-4-3-2,卫星,航空航天/整机与整器/航天器与运载器/卫星/气象卫星,,
1-4-3-2-4-1,极轨气象卫星,6,1-4-3-2-4,气象卫星,航空航天/整机与整器/航天器与运载器/卫星/气象卫星/极轨气象卫星,,
1-4-3-2-4-2,静止气象卫星,6,1-4-3-2-4,气象卫星,航空航天/整机与整器/航天器与运载器/卫星/气象卫星/静止气象卫星,,
1-4-3-2-4-3,海洋观测卫星,6,1-4-3-2-4,气象卫星,航空航天/整机与整器/航天器与运载器/卫星/气象卫星/海洋观测卫星,,
1-4-3-2-5,科学卫星,5,1-4-3-2,卫星,航空航天/整机与整器/航天器与运载器/卫星/科学卫星,,
1-4-3-2-5-1,天文观测卫星,6,1-4-3-2-5,科学卫星,航空航天/整机与整器/航天器与运载器/卫星/科学卫星/天文观测卫星,,
1-4-3-2-5-2,空间环境探测卫星,6,1-4-3-2-5,科学卫星,航空航天/整机与整器/航天器与运载器/卫星/科学卫星/空间环境探测卫星,,
1-4-3-2-5-3,技术试验卫星,6,1-4-3-2-5,科学卫星,航空航天/整机与整器/航天器与运载器/卫星/科学卫星/技术试验卫星,,
1-4-3-2-6,小卫星与微纳卫星,5,1-4-3-2,卫星,航空航天/整机与整器/航天器与运载器/卫星/小卫星与微纳卫星,,
1-4-3-2-6-1,微卫星,6,1-4-3-2-6,小卫星与微纳卫星,航空航天/整机与整器/航天器与运载器/卫星/小卫星与微纳卫星/微卫星,,
1-4-3-2-6-2,纳卫星,6,1-4-3-2-6,小卫星与微纳卫星,航空航天/整机与整器/航天器与运载器/卫星/小卫星与微纳卫星/纳卫星,,
1-4-3-2-6-3,皮卫星,6,1-4-3-2-6,小卫星与微纳卫星,航空航天/整机与整器/航天器与运载器/卫星/小卫星与微纳卫星/皮卫星,,
1-4-3-2-6-4,立方星,6,1-4-3-2-6,小卫星与微纳卫星,航空航天/整机与整器/航天器与运载器/卫星/小卫星与微纳卫星/立方星,,
1-4-3-3,载人航天器,4,1-4-3,航天器与运载器,航空航天/整机与整器/航天器与运载器/载人航天器,,
1-4-3-3-1,载人飞船,5,1-4-3-3,载人航天器,航空航天/整机与整器/航天器与运载器/载人航天器/载人飞船,,
1-4-3-3-1-1,轨道载人飞船,6,1-4-3-3-1,载人飞船,航空航天/整机与整器/航天器与运载器/载人航天器/载人飞船/轨道载人飞船,,
1-4-3-3-1-2,登月飞船,6,1-4-3-3-1,载人飞船,航空航天/整机与整器/航天器与运载器/载人航天器/载人飞船/登月飞船,,
1-4-3-3-1-3,乘员舱,6,1-4-3-3-1,载人飞船,航空航天/整机与整器/航天器与运载器/载人航天器/载人飞船/乘员舱,,
1-4-3-3-1-4,货运飞船,6,1-4-3-3-1,载人飞船,航空航天/整机与整器/航天器与运载器/载人航天器/载人飞船/货运飞船,,
1-4-3-3-2,空间站,5,1-4-3-3,载人航天器,航空航天/整机与整器/航天器与运载器/载人航天器/空间站,,
1-4-3-3-2-1,空间站核心舱,6,1-4-3-3-2,空间站,航空航天/整机与整器/航天器与运载器/载人航天器/空间站/空间站核心舱,,
1-4-3-3-2-2,空间站实验舱,6,1-4-3-3-2,空间站,航空航天/整机与整器/航天器与运载器/载人航天器/空间站/空间站实验舱,,
1-4-3-3-2-3,空间站节点舱,6,1-4-3-3-2,空间站,航空航天/整机与整器/航天器与运载器/载人航天器/空间站/空间站节点舱,,
1-4-3-3-2-4,空间站货运舱,6,1-4-3-3-2,空间站,航空航天/整机与整器/航天器与运载器/载人航天器/空间站/空间站货运舱,,
1-4-3-3-3,航天飞机,5,1-4-3-3,载人航天器,航空航天/整机与整器/航天器与运载器/载人航天器/航天飞机,,
1-4-3-3-3-1,轨道器,6,1-4-3-3-3,航天飞机,航空航天/整机与整器/航天器与运载器/载人航天器/航天飞机/轨道器,,
1-4-3-3-3-2,外贮箱,6,1-4-3-3-3,航天飞机,航空航天/整机与整器/航天器与运载器/载人航天器/航天飞机/外贮箱,,
1-4-3-3-3-3,固体助推器,6,1-4-3-3-3,航天飞机,航空航天/整机与整器/航天器与运载器/载人航天器/航天飞机/固体助推器,,
1-4-3-3-4,亚轨道飞行器,5,1-4-3-3,载人航天器,航空航天/整机与整器/航天器与运载器/载人航天器/亚轨道飞行器,,
1-4-3-3-4-1,亚轨道旅游飞行器,6,1-4-3-3-4,亚轨道飞行器,航空航天/整机与整器/航天器与运载器/载人航天器/亚轨道飞行器/亚轨道旅游飞行器,,
1-4-3-3-4-2,亚轨道运输飞行器,6,1-4-3-3-4,亚轨道飞行器,航空航天/整机与整器/航天器与运载器/载人航天器/亚轨道飞行器/亚轨道运输飞行器,,
1-4-3-4,深空探测器,4,1-4-3,航天器与运载器,航空航天/整机与整器/航天器与运载器/深空探测器,,
1-4-3-4-1,月球探测器,5,1-4-3-4,深空探测器,航空航天/整机与整器/航天器与运载器/深空探测器/月球探测器,,
1-4-3-4-1-1,环月轨道器,6,1-4-3-4-1,月球探测器,航空航天/整机与整器/航天器与运载器/深空探测器/月球探测器/环月轨道器,,
1-4-3-4-1-2,月面着陆器,6,1-4-3-4-1,月球探测器,航空航天/整机与整器/航天器与运载器/深空探测器/月球探测器/月面着陆器,,
1-4-3-4-1-3,月球车,6,1-4-3-4-1,月球探测器,航空航天/整机与整器/航天器与运载器/深空探测器/月球探测器/月球车,,
1-4-3-4-1-4,月球采样返回器,6,1-4-3-4-1,月球探测器,航空航天/整机与整器/航天器与运载器/深空探测器/月球探测器/月球采样返回器,,
1-4-3-4-2,行星探测器,5,1-4-3-4,深空探测器,航空航天/整机与整器/航天器与运载器/深空探测器/行星探测器,,
1-4-3-4-2-1,火星探测器,6,1-4-3-4-2,行星探测器,航空航天/整机与整器/航天器与运载器/深空探测器/行星探测器/火星探测器,,
1-4-3-4-2-2,金星探测器,6,1-4-3-4-2,行星探测器,航空航天/整机与整器/航天器与运载器/深空探测器/行星探测器/金星探测器,,
1-4-3-4-2-3,木星探测器,6,1-4-3-4-2,行星探测器,航空航天/整机与整器/航天器与运载器/深空探测器/行星探测器/木星探测器,,
1-4-3-4-2-4,土星探测器,6,1-4-3-4-2,行星探测器,航空航天/整机与整器/航天器与运载器/深空探测器/行星探测器/土星探测器,,
1-4-3-4-2-5,水星探测器,6,1-4-3-4-2,行星探测器,航空航天/整机与整器/航天器与运载器/深空探测器/行星探测器/水星探测器,,
1-4-3-4-3,小天体探测器,5,1-4-3-4,深空探测器,航空航天/整机与整器/航天器与运载器/深空探测器/小天体探测器,,
1-4-3-4-3-1,小行星探测器,6,1-4-3-4-3,小天体探测器,航空航天/整机与整器/航天器与运载器/深空探测器/小天体探测器/小行星探测器,,
1-4-3-4-3-2,彗星探测器,6,1-4-3-4-3,小天体探测器,航空航天/整机与整器/航天器与运载器/深空探测器/小天体探测器/彗星探测器,,
1-4-3-4-3-3,小天体采样返回探测器,6,1-4-3-4-3,小天体探测器,航空航天/整机与整器/航天器与运载器/深空探测器/小天体探测器/小天体采样返回探测器,,
1-4-3-5,导弹,4,1-4-3,航天器与运载器,航空航天/整机与整器/航天器与运载器/导弹,航天专用,弹道导弹、巡航导弹在国标中属于航天器制造（3742）范畴
1-4-3-5-1,弹道导弹,5,1-4-3-5,导弹,航空航天/整机与整器/航天器与运载器/导弹/弹道导弹,,
1-4-3-5-1-1,洲际弹道导弹,6,1-4-3-5-1,弹道导弹,航空航天/整机与整器/航天器与运载器/导弹/弹道导弹/洲际弹道导弹,,
1-4-3-5-1-2,中程弹道导弹,6,1-4-3-5-1,弹道导弹,航空航天/整机与整器/航天器与运载器/导弹/弹道导弹/中程弹道导弹,,
1-4-3-5-1-3,短程弹道导弹,6,1-4-3-5-1,弹道导弹,航空航天/整机与整器/航天器与运载器/导弹/弹道导弹/短程弹道导弹,,
1-4-3-5-1-4,潜射弹道导弹,6,1-4-3-5-1,弹道导弹,航空航天/整机与整器/航天器与运载器/导弹/弹道导弹/潜射弹道导弹,,
1-4-3-5-2,巡航导弹,5,1-4-3-5,导弹,航空航天/整机与整器/航天器与运载器/导弹/巡航导弹,,
1-4-3-5-2-1,战略巡航导弹,6,1-4-3-5-2,巡航导弹,航空航天/整机与整器/航天器与运载器/导弹/巡航导弹/战略巡航导弹,,
1-4-3-5-2-2,战术巡航导弹,6,1-4-3-5-2,巡航导弹,航空航天/整机与整器/航天器与运载器/导弹/巡航导弹/战术巡航导弹,,
1-4-3-5-2-3,反舰巡航导弹,6,1-4-3-5-2,巡航导弹,航空航天/整机与整器/航天器与运载器/导弹/巡航导弹/反舰巡航导弹,,
1-4-3-5-2-4,对地巡航导弹,6,1-4-3-5-2,巡航导弹,航空航天/整机与整器/航天器与运载器/导弹/巡航导弹/对地巡航导弹,,
1-4-3-5-3,防空导弹,5,1-4-3-5,导弹,航空航天/整机与整器/航天器与运载器/导弹/防空导弹,,
1-4-3-5-3-1,远程防空导弹,6,1-4-3-5-3,防空导弹,航空航天/整机与整器/航天器与运载器/导弹/防空导弹/远程防空导弹,,
1-4-3-5-3-2,中程防空导弹,6,1-4-3-5-3,防空导弹,航空航天/整机与整器/航天器与运载器/导弹/防空导弹/中程防空导弹,,
1-4-3-5-3-3,近程防空导弹,6,1-4-3-5-3,防空导弹,航空航天/整机与整器/航天器与运载器/导弹/防空导弹/近程防空导弹,,
1-4-3-5-3-4,便携式防空导弹,6,1-4-3-5-3,防空导弹,航空航天/整机与整器/航天器与运载器/导弹/防空导弹/便携式防空导弹,,
1-4-3-5-4,其他导弹,5,1-4-3-5,导弹,航空航天/整机与整器/航天器与运载器/导弹/其他导弹,,
1-4-3-5-4-1,反辐射导弹,6,1-4-3-5-4,其他导弹,航空航天/整机与整器/航天器与运载器/导弹/其他导弹/反辐射导弹,,
1-4-3-5-4-2,反坦克导弹,6,1-4-3-5-4,其他导弹,航空航天/整机与整器/航天器与运载器/导弹/其他导弹/反坦克导弹,,
1-4-3-5-4-3,空空导弹,6,1-4-3-5-4,其他导弹,航空航天/整机与整器/航天器与运载器/导弹/其他导弹/空空导弹,,
1-4-3-5-4-4,反导拦截弹,6,1-4-3-5-4,其他导弹,航空航天/整机与整器/航天器与运载器/导弹/其他导弹/反导拦截弹,,
1-5,运营与配套服务,2,1,航空航天,航空航天/运营与配套服务,,
1-5-1,航空运营与服务,3,1-5,运营与配套服务,航空航天/运营与配套服务/航空运营与服务,航空专用,航空运营和航天运营业务模式完全不同，应分开
1-5-1-1,航空公司运营,4,1-5-1,航空运营与服务,航空航天/运营与配套服务/航空运营与服务/航空公司运营,,
1-5-1-1-1,客运航空公司,5,1-5-1-1,航空公司运营,航空航天/运营与配套服务/航空运营与服务/航空公司运营/客运航空公司,,
1-5-1-1-1-1,全服务航空公司,6,1-5-1-1-1,客运航空公司,航空航天/运营与配套服务/航空运营与服务/航空公司运营/客运航空公司/全服务航空公司,,
1-5-1-1-1-2,低成本航空公司,6,1-5-1-1-1,客运航空公司,航空航天/运营与配套服务/航空运营与服务/航空公司运营/客运航空公司/低成本航空公司,,
1-5-1-1-1-3,支线航空公司,6,1-5-1-1-1,客运航空公司,航空航天/运营与配套服务/航空运营与服务/航空公司运营/客运航空公司/支线航空公司,,
1-5-1-1-1-4,包机航空公司,6,1-5-1-1-1,客运航空公司,航空航天/运营与配套服务/航空运营与服务/航空公司运营/客运航空公司/包机航空公司,,
1-5-1-1-2,货运航空公司,5,1-5-1-1,航空公司运营,航空航天/运营与配套服务/航空运营与服务/航空公司运营/货运航空公司,,
1-5-1-1-2-1,全货运航空公司,6,1-5-1-1-2,货运航空公司,航空航天/运营与配套服务/航空运营与服务/航空公司运营/货运航空公司/全货运航空公司,,
1-5-1-1-2-2,快递航空公司,6,1-5-1-1-2,货运航空公司,航空航天/运营与配套服务/航空运营与服务/航空公司运营/货运航空公司/快递航空公司,,
1-5-1-1-2-3,综合物流航空公司,6,1-5-1-1-2,货运航空公司,航空航天/运营与配套服务/航空运营与服务/航空公司运营/货运航空公司/综合物流航空公司,,
1-5-1-1-3,通用航空运营,5,1-5-1-1,航空公司运营,航空航天/运营与配套服务/航空运营与服务/航空公司运营/通用航空运营,,
1-5-1-1-3-1,农林作业服务,6,1-5-1-1-3,通用航空运营,航空航天/运营与配套服务/航空运营与服务/航空公司运营/通用航空运营/农林作业服务,,
1-5-1-1-3-2,航拍航测服务,6,1-5-1-1-3,通用航空运营,航空航天/运营与配套服务/航空运营与服务/航空公司运营/通用航空运营/航拍航测服务,,
1-5-1-1-3-3,公务飞行服务,6,1-5-1-1-3,通用航空运营,航空航天/运营与配套服务/航空运营与服务/航空公司运营/通用航空运营/公务飞行服务,,
1-5-1-1-3-4,私人飞行服务,6,1-5-1-1-3,通用航空运营,航空航天/运营与配套服务/航空运营与服务/航空公司运营/通用航空运营/私人飞行服务,,
1-5-1-1-3-5,飞行培训服务,6,1-5-1-1-3,通用航空运营,航空航天/运营与配套服务/航空运营与服务/航空公司运营/通用航空运营/飞行培训服务,,
1-5-1-2,机场服务,4,1-5-1,航空运营与服务,航空航天/运营与配套服务/航空运营与服务/机场服务,,
1-5-1-2-1,机场运营,5,1-5-1-2,机场服务,航空航天/运营与配套服务/航空运营与服务/机场服务/机场运营,,
1-5-1-2-1-1,枢纽机场运营,6,1-5-1-2-1,机场运营,航空航天/运营与配套服务/航空运营与服务/机场服务/机场运营/枢纽机场运营,,
1-5-1-2-1-2,干线机场运营,6,1-5-1-2-1,机场运营,航空航天/运营与配套服务/航空运营与服务/机场服务/机场运营/干线机场运营,,
1-5-1-2-1-3,支线机场运营,6,1-5-1-2-1,机场运营,航空航天/运营与配套服务/航空运营与服务/机场服务/机场运营/支线机场运营,,
1-5-1-2-1-4,通用机场运营,6,1-5-1-2-1,机场运营,航空航天/运营与配套服务/航空运营与服务/机场服务/机场运营/通用机场运营,,
1-5-1-2-2,地面服务,5,1-5-1-2,机场服务,航空航天/运营与配套服务/航空运营与服务/机场服务/地面服务,,
1-5-1-2-2-1,旅客地面服务,6,1-5-1-2-2,地面服务,航空航天/运营与配套服务/航空运营与服务/机场服务/地面服务/旅客地面服务,,
1-5-1-2-2-2,货运地面服务,6,1-5-1-2-2,地面服务,航空航天/运营与配套服务/航空运营与服务/机场服务/地面服务/货运地面服务,,
1-5-1-2-2-3,机坪服务,6,1-5-1-2-2,地面服务,航空航天/运营与配套服务/航空运营与服务/机场服务/地面服务/机坪服务,,
1-5-1-2-2-4,航油服务,6,1-5-1-2-2,地面服务,航空航天/运营与配套服务/航空运营与服务/机场服务/地面服务/航油服务,,
1-5-1-2-2-5,航空配餐服务,6,1-5-1-2-2,地面服务,航空航天/运营与配套服务/航空运营与服务/机场服务/地面服务/航空配餐服务,,
1-5-1-2-3,空中交通服务,5,1-5-1-2,机场服务,航空航天/运营与配套服务/航空运营与服务/机场服务/空中交通服务,,
1-5-1-2-3-1,空中交通管制,6,1-5-1-2-3,空中交通服务,航空航天/运营与配套服务/航空运营与服务/机场服务/空中交通服务/空中交通管制,,
1-5-1-2-3-2,飞行情报服务,6,1-5-1-2-3,空中交通服务,航空航天/运营与配套服务/航空运营与服务/机场服务/空中交通服务/飞行情报服务,,
1-5-1-2-3-3,告警服务,6,1-5-1-2-3,空中交通服务,航空航天/运营与配套服务/航空运营与服务/机场服务/空中交通服务/告警服务,,
1-5-1-2-3-4,流量管理,6,1-5-1-2-3,空中交通服务,航空航天/运营与配套服务/航空运营与服务/机场服务/空中交通服务/流量管理,,
1-5-1-3,维修与改装,4,1-5-1,航空运营与服务,航空航天/运营与配套服务/航空运营与服务/维修与改装,,
1-5-1-3-1,航线维修,5,1-5-1-3,维修与改装,航空航天/运营与配套服务/航空运营与服务/维修与改装/航线维修,,
1-5-1-3-1-1,航前检查,6,1-5-1-3-1,航线维修,航空航天/运营与配套服务/航空运营与服务/维修与改装/航线维修/航前检查,,
1-5-1-3-1-2,航后检查,6,1-5-1-3-1,航线维修,航空航天/运营与配套服务/航空运营与服务/维修与改装/航线维修/航后检查,,
1-5-1-3-1-3,过站维护,6,1-5-1-3-1,航线维修,航空航天/运营与配套服务/航空运营与服务/维修与改装/航线维修/过站维护,,
1-5-1-3-1-4,故障排除,6,1-5-1-3-1,航线维修,航空航天/运营与配套服务/航空运营与服务/维修与改装/航线维修/故障排除,,
1-5-1-3-2,基地维修,5,1-5-1-3,维修与改装,航空航天/运营与配套服务/航空运营与服务/维修与改装/基地维修,,
1-5-1-3-2-1,A检,6,1-5-1-3-2,基地维修,航空航天/运营与配套服务/航空运营与服务/维修与改装/基地维修/A检,,
1-5-1-3-2-2,C检,6,1-5-1-3-2,基地维修,航空航天/运营与配套服务/航空运营与服务/维修与改装/基地维修/C检,,
1-5-1-3-2-3,D检,6,1-5-1-3-2,基地维修,航空航天/运营与配套服务/航空运营与服务/维修与改装/基地维修/D检,,
1-5-1-3-2-4,结构修理,6,1-5-1-3-2,基地维修,航空航天/运营与配套服务/航空运营与服务/维修与改装/基地维修/结构修理,,
1-5-1-3-3,发动机维修,5,1-5-1-3,维修与改装,航空航天/运营与配套服务/航空运营与服务/维修与改装/发动机维修,,
1-5-1-3-3-1,发动机大修,6,1-5-1-3-3,发动机维修,航空航天/运营与配套服务/航空运营与服务/维修与改装/发动机维修/发动机大修,,
1-5-1-3-3-2,单元体修理,6,1-5-1-3-3,发动机维修,航空航天/运营与配套服务/航空运营与服务/维修与改装/发动机维修/单元体修理,,
1-5-1-3-3-3,叶片修理,6,1-5-1-3-3,发动机维修,航空航天/运营与配套服务/航空运营与服务/维修与改装/发动机维修/叶片修理,,
1-5-1-3-3-4,发动机附件修理,6,1-5-1-3-3,发动机维修,航空航天/运营与配套服务/航空运营与服务/维修与改装/发动机维修/发动机附件修理,,
1-5-1-3-4,部件维修,5,1-5-1-3,维修与改装,航空航天/运营与配套服务/航空运营与服务/维修与改装/部件维修,,
1-5-1-3-4-1,航电维修,6,1-5-1-3-4,部件维修,航空航天/运营与配套服务/航空运营与服务/维修与改装/部件维修/航电维修,,
1-5-1-3-4-2,机电维修,6,1-5-1-3-4,部件维修,航空航天/运营与配套服务/航空运营与服务/维修与改装/部件维修/机电维修,,
1-5-1-3-4-3,附件维修,6,1-5-1-3-4,部件维修,航空航天/运营与配套服务/航空运营与服务/维修与改装/部件维修/附件维修,,
1-5-1-3-4-4,起落架大修,6,1-5-1-3-4,部件维修,航空航天/运营与配套服务/航空运营与服务/维修与改装/部件维修/起落架大修,,
1-5-1-3-5,飞机改装,5,1-5-1-3,维修与改装,航空航天/运营与配套服务/航空运营与服务/维修与改装/飞机改装,,
1-5-1-3-5-1,客改货改装,6,1-5-1-3-5,飞机改装,航空航天/运营与配套服务/航空运营与服务/维修与改装/飞机改装/客改货改装,,
1-5-1-3-5-2,客舱改装,6,1-5-1-3-5,飞机改装,航空航天/运营与配套服务/航空运营与服务/维修与改装/飞机改装/客舱改装,,
1-5-1-3-5-3,航电升级改装,6,1-5-1-3-5,飞机改装,航空航天/运营与配套服务/航空运营与服务/维修与改装/飞机改装/航电升级改装,,
1-5-1-3-5-4,加改装工程,6,1-5-1-3-5,飞机改装,航空航天/运营与配套服务/航空运营与服务/维修与改装/飞机改装/加改装工程,,
1-5-1-4,培训与认证,4,1-5-1,航空运营与服务,航空航天/运营与配套服务/航空运营与服务/培训与认证,,
1-5-1-4-1,飞行员培训,5,1-5-1-4,培训与认证,航空航天/运营与配套服务/航空运营与服务/培训与认证/飞行员培训,,
1-5-1-4-1-1,初始飞行培训,6,1-5-1-4-1,飞行员培训,航空航天/运营与配套服务/航空运营与服务/培训与认证/飞行员培训/初始飞行培训,,
1-5-1-4-1-2,型别等级训练,6,1-5-1-4-1,飞行员培训,航空航天/运营与配套服务/航空运营与服务/培训与认证/飞行员培训/型别等级训练,,
1-5-1-4-1-3,复训,6,1-5-1-4-1,飞行员培训,航空航天/运营与配套服务/航空运营与服务/培训与认证/飞行员培训/复训,,
1-5-1-4-1-4,升级训练,6,1-5-1-4-1,飞行员培训,航空航天/运营与配套服务/航空运营与服务/培训与认证/飞行员培训/升级训练,,
1-5-1-4-1-5,模拟机训练,6,1-5-1-4-1,飞行员培训,航空航天/运营与配套服务/航空运营与服务/培训与认证/飞行员培训/模拟机训练,,
1-5-1-4-2,维修人员培训,5,1-5-1-4,培训与认证,航空航天/运营与配套服务/航空运营与服务/培训与认证/维修人员培训,,
1-5-1-4-2-1,维修基础培训,6,1-5-1-4-2,维修人员培训,航空航天/运营与配套服务/航空运营与服务/培训与认证/维修人员培训/维修基础培训,,
1-5-1-4-2-2,机型培训,6,1-5-1-4-2,维修人员培训,航空航天/运营与配套服务/航空运营与服务/培训与认证/维修人员培训/机型培训,,
1-5-1-4-2-3,维修执照培训,6,1-5-1-4-2,维修人员培训,航空航天/运营与配套服务/航空运营与服务/培训与认证/维修人员培训/维修执照培训,,
1-5-1-4-2-4,在岗培训,6,1-5-1-4-2,维修人员培训,航空航天/运营与配套服务/航空运营与服务/培训与认证/维修人员培训/在岗培训,,
1-5-1-4-3,其他人员培训,5,1-5-1-4,培训与认证,航空航天/运营与配套服务/航空运营与服务/培训与认证/其他人员培训,,
1-5-1-4-3-1,签派员培训,6,1-5-1-4-3,其他人员培训,航空航天/运营与配套服务/航空运营与服务/培训与认证/其他人员培训/签派员培训,,
1-5-1-4-3-2,乘务员培训,6,1-5-1-4-3,其他人员培训,航空航天/运营与配套服务/航空运营与服务/培训与认证/其他人员培训/乘务员培训,,
1-5-1-4-3-3,安检培训,6,1-5-1-4-3,其他人员培训,航空航天/运营与配套服务/航空运营与服务/培训与认证/其他人员培训/安检培训,,
1-5-1-4-3-4,管制员培训,6,1-5-1-4-3,其他人员培训,航空航天/运营与配套服务/航空运营与服务/培训与认证/其他人员培训/管制员培训,,
1-5-1-5,租赁与金融,4,1-5-1,航空运营与服务,航空航天/运营与配套服务/航空运营与服务/租赁与金融,,
1-5-1-5-1,飞机租赁,5,1-5-1-5,租赁与金融,航空航天/运营与配套服务/航空运营与服务/租赁与金融/飞机租赁,,
1-5-1-5-1-1,经营租赁,6,1-5-1-5-1,飞机租赁,航空航天/运营与配套服务/航空运营与服务/租赁与金融/飞机租赁/经营租赁,,
1-5-1-5-1-2,融资租赁,6,1-5-1-5-1,飞机租赁,航空航天/运营与配套服务/航空运营与服务/租赁与金融/飞机租赁/融资租赁,,
1-5-1-5-1-3,售后回租,6,1-5-1-5-1,飞机租赁,航空航天/运营与配套服务/航空运营与服务/租赁与金融/飞机租赁/售后回租,,
1-5-1-5-1-4,杠杆租赁,6,1-5-1-5-1,飞机租赁,航空航天/运营与配套服务/航空运营与服务/租赁与金融/飞机租赁/杠杆租赁,,
1-5-1-5-2,航空金融,5,1-5-1-5,租赁与金融,航空航天/运营与配套服务/航空运营与服务/租赁与金融/航空金融,,
1-5-1-5-2-1,飞机融资,6,1-5-1-5-2,航空金融,航空航天/运营与配套服务/航空运营与服务/租赁与金融/航空金融/飞机融资,,
1-5-1-5-2-2,发动机融资,6,1-5-1-5-2,航空金融,航空航天/运营与配套服务/航空运营与服务/租赁与金融/航空金融/发动机融资,,
1-5-1-5-2-3,航空保险,6,1-5-1-5-2,航空金融,航空航天/运营与配套服务/航空运营与服务/租赁与金融/航空金融/航空保险,,
1-5-1-5-2-4,航空衍生品,6,1-5-1-5-2,航空金融,航空航天/运营与配套服务/航空运营与服务/租赁与金融/航空金融/航空衍生品,,
1-5-2,航天运营与服务,3,1-5,运营与配套服务,航空航天/运营与配套服务/航天运营与服务,航天专用,
1-5-2-1,发射服务,4,1-5-2,航天运营与服务,航空航天/运营与配套服务/航天运营与服务/发射服务,,
1-5-2-1-1,商业发射服务,5,1-5-2-1,发射服务,航空航天/运营与配套服务/航天运营与服务/发射服务/商业发射服务,,
1-5-2-1-1-1,整箭发射服务,6,1-5-2-1-1,商业发射服务,航空航天/运营与配套服务/航天运营与服务/发射服务/商业发射服务/整箭发射服务,,
1-5-2-1-1-2,拼单发射服务,6,1-5-2-1-1,商业发射服务,航空航天/运营与配套服务/航天运营与服务/发射服务/商业发射服务/拼单发射服务,,
1-5-2-1-1-3,搭载发射服务,6,1-5-2-1-1,商业发射服务,航空航天/运营与配套服务/航天运营与服务/发射服务/商业发射服务/搭载发射服务,,
1-5-2-1-2,发射场服务,5,1-5-2-1,发射服务,航空航天/运营与配套服务/航天运营与服务/发射服务/发射场服务,,
1-5-2-1-2-1,发射工位服务,6,1-5-2-1-2,发射场服务,航空航天/运营与配套服务/航天运营与服务/发射服务/发射场服务/发射工位服务,,
1-5-2-1-2-2,测控服务,6,1-5-2-1-2,发射场服务,航空航天/运营与配套服务/航天运营与服务/发射服务/发射场服务/测控服务,,
1-5-2-1-2-3,气象服务,6,1-5-2-1-2,发射场服务,航空航天/运营与配套服务/航天运营与服务/发射服务/发射场服务/气象服务,,
1-5-2-1-2-4,安全控制服务,6,1-5-2-1-2,发射场服务,航空航天/运营与配套服务/航天运营与服务/发射服务/发射场服务/安全控制服务,,
1-5-2-2,卫星运营,4,1-5-2,航天运营与服务,航空航天/运营与配套服务/航天运营与服务/卫星运营,,
1-5-2-2-1,通信卫星运营,5,1-5-2-2,卫星运营,航空航天/运营与配套服务/航天运营与服务/卫星运营/通信卫星运营,,
1-5-2-2-1-1,固定卫星业务运营,6,1-5-2-2-1,通信卫星运营,航空航天/运营与配套服务/航天运营与服务/卫星运营/通信卫星运营/固定卫星业务运营,,
1-5-2-2-1-2,移动卫星业务运营,6,1-5-2-2-1,通信卫星运营,航空航天/运营与配套服务/航天运营与服务/卫星运营/通信卫星运营/移动卫星业务运营,,
1-5-2-2-1-3,广播卫星业务运营,6,1-5-2-2-1,通信卫星运营,航空航天/运营与配套服务/航天运营与服务/卫星运营/通信卫星运营/广播卫星业务运营,,
1-5-2-2-2,遥感卫星运营,5,1-5-2-2,卫星运营,航空航天/运营与配套服务/航天运营与服务/卫星运营/遥感卫星运营,,
1-5-2-2-2-1,光学影像服务,6,1-5-2-2-2,遥感卫星运营,航空航天/运营与配套服务/航天运营与服务/卫星运营/遥感卫星运营/光学影像服务,,
1-5-2-2-2-2,SAR数据服务,6,1-5-2-2-2,遥感卫星运营,航空航天/运营与配套服务/航天运营与服务/卫星运营/遥感卫星运营/SAR数据服务,,
1-5-2-2-2-3,高光谱数据服务,6,1-5-2-2-2,遥感卫星运营,航空航天/运营与配套服务/航天运营与服务/卫星运营/遥感卫星运营/高光谱数据服务,,
1-5-2-2-2-4,数据增值服务,6,1-5-2-2-2,遥感卫星运营,航空航天/运营与配套服务/航天运营与服务/卫星运营/遥感卫星运营/数据增值服务,,
1-5-2-2-3,导航卫星运营,5,1-5-2-2,卫星运营,航空航天/运营与配套服务/航天运营与服务/卫星运营/导航卫星运营,,
1-5-2-2-3-1,定位服务,6,1-5-2-2-3,导航卫星运营,航空航天/运营与配套服务/航天运营与服务/卫星运营/导航卫星运营/定位服务,,
1-5-2-2-3-2,授时服务,6,1-5-2-2-3,导航卫星运营,航空航天/运营与配套服务/航天运营与服务/卫星运营/导航卫星运营/授时服务,,
1-5-2-2-3-3,短报文服务,6,1-5-2-2-3,导航卫星运营,航空航天/运营与配套服务/航天运营与服务/卫星运营/导航卫星运营/短报文服务,,
1-5-2-2-3-4,增强服务,6,1-5-2-2-3,导航卫星运营,航空航天/运营与配套服务/航天运营与服务/卫星运营/导航卫星运营/增强服务,,
1-5-2-2-4,星座运营,5,1-5-2-2,卫星运营,航空航天/运营与配套服务/航天运营与服务/卫星运营/星座运营,,
1-5-2-2-4-1,低轨通信星座运营,6,1-5-2-2-4,星座运营,航空航天/运营与配套服务/航天运营与服务/卫星运营/星座运营/低轨通信星座运营,,
1-5-2-2-4-2,物联网星座运营,6,1-5-2-2-4,星座运营,航空航天/运营与配套服务/航天运营与服务/卫星运营/星座运营/物联网星座运营,,
1-5-2-2-4-3,遥感星座运营,6,1-5-2-2-4,星座运营,航空航天/运营与配套服务/航天运营与服务/卫星运营/星座运营/遥感星座运营,,
1-5-2-3,测控与运控,4,1-5-2,航天运营与服务,航空航天/运营与配套服务/航天运营与服务/测控与运控,,
1-5-2-3-1,测控网运营,5,1-5-2-3,测控与运控,航空航天/运营与配套服务/航天运营与服务/测控与运控/测控网运营,,
1-5-2-3-1-1,地面测控站网,6,1-5-2-3-1,测控网运营,航空航天/运营与配套服务/航天运营与服务/测控与运控/测控网运营/地面测控站网,,
1-5-2-3-1-2,航天测量船,6,1-5-2-3-1,测控网运营,航空航天/运营与配套服务/航天运营与服务/测控与运控/测控网运营/航天测量船,,
1-5-2-3-1-3,中继卫星测控,6,1-5-2-3-1,测控网运营,航空航天/运营与配套服务/航天运营与服务/测控与运控/测控网运营/中继卫星测控,,
1-5-2-3-1-4,测控中心,6,1-5-2-3-1,测控网运营,航空航天/运营与配套服务/航天运营与服务/测控与运控/测控网运营/测控中心,,
1-5-2-3-2,卫星运控,5,1-5-2-3,测控与运控,航空航天/运营与配套服务/航天运营与服务/测控与运控/卫星运控,,
1-5-2-3-2-1,卫星测运控,6,1-5-2-3-2,卫星运控,航空航天/运营与配套服务/航天运营与服务/测控与运控/卫星运控/卫星测运控,,
1-5-2-3-2-2,数据接收,6,1-5-2-3-2,卫星运控,航空航天/运营与配套服务/航天运营与服务/测控与运控/卫星运控/数据接收,,
1-5-2-3-2-3,数据处理,6,1-5-2-3-2,卫星运控,航空航天/运营与配套服务/航天运营与服务/测控与运控/卫星运控/数据处理,,
1-5-2-3-2-4,数据分发,6,1-5-2-3-2,卫星运控,航空航天/运营与配套服务/航天运营与服务/测控与运控/卫星运控/数据分发,,
1-5-2-4,地面设备与设施,4,1-5-2,航天运营与服务,航空航天/运营与配套服务/航天运营与服务/地面设备与设施,,
1-5-2-4-1,地面站设备,5,1-5-2-4,地面设备与设施,航空航天/运营与配套服务/航天运营与服务/地面设备与设施/地面站设备,,
1-5-2-4-1-1,测控站设备,6,1-5-2-4-1,地面站设备,航空航天/运营与配套服务/航天运营与服务/地面设备与设施/地面站设备/测控站设备,,
1-5-2-4-1-2,通信地面站,6,1-5-2-4-1,地面站设备,航空航天/运营与配套服务/航天运营与服务/地面设备与设施/地面站设备/通信地面站,,
1-5-2-4-1-3,遥感接收站,6,1-5-2-4-1,地面站设备,航空航天/运营与配套服务/航天运营与服务/地面设备与设施/地面站设备/遥感接收站,,
1-5-2-4-1-4,导航地面站,6,1-5-2-4-1,地面站设备,航空航天/运营与配套服务/航天运营与服务/地面设备与设施/地面站设备/导航地面站,,
1-5-2-4-2,发射场设施,5,1-5-2-4,地面设备与设施,航空航天/运营与配套服务/航天运营与服务/地面设备与设施/发射场设施,,
1-5-2-4-2-1,发射塔架,6,1-5-2-4-2,发射场设施,航空航天/运营与配套服务/航天运营与服务/地面设备与设施/发射场设施/发射塔架,,
1-5-2-4-2-2,勤务塔,6,1-5-2-4-2,发射场设施,航空航天/运营与配套服务/航天运营与服务/地面设备与设施/发射场设施/勤务塔,,
1-5-2-4-2-3,火箭转运设备,6,1-5-2-4-2,发射场设施,航空航天/运营与配套服务/航天运营与服务/地面设备与设施/发射场设施/火箭转运设备,,
1-5-2-4-2-4,推进剂加注系统,6,1-5-2-4-2,发射场设施,航空航天/运营与配套服务/航天运营与服务/地面设备与设施/发射场设施/推进剂加注系统,,
1-5-2-4-3,总装测试设施,5,1-5-2-4,地面设备与设施,航空航天/运营与配套服务/航天运营与服务/地面设备与设施/总装测试设施,,
1-5-2-4-3-1,AIT中心,6,1-5-2-4-3,总装测试设施,航空航天/运营与配套服务/航天运营与服务/地面设备与设施/总装测试设施/AIT中心,,
1-5-2-4-3-2,真空热试验设备,6,1-5-2-4-3,总装测试设施,航空航天/运营与配套服务/航天运营与服务/地面设备与设施/总装测试设施/真空热试验设备,,
1-5-2-4-3-3,振动试验设备,6,1-5-2-4-3,总装测试设施,航空航天/运营与配套服务/航天运营与服务/地面设备与设施/总装测试设施/振动试验设备,,
1-5-2-4-3-4,电磁兼容试验设备,6,1-5-2-4-3,总装测试设施,航空航天/运营与配套服务/航天运营与服务/地面设备与设施/总装测试设施/电磁兼容试验设备,,
1-5-2-5,太空服务,4,1-5-2,航天运营与服务,航空航天/运营与配套服务/航天运营与服务/太空服务,,
1-5-2-5-1,太空旅游,5,1-5-2-5,太空服务,航空航天/运营与配套服务/航天运营与服务/太空服务/太空旅游,,
1-5-2-5-1-1,亚轨道太空旅游,6,1-5-2-5-1,太空旅游,航空航天/运营与配套服务/航天运营与服务/太空服务/太空旅游/亚轨道太空旅游,,
1-5-2-5-1-2,轨道太空旅游,6,1-5-2-5-1,太空旅游,航空航天/运营与配套服务/航天运营与服务/太空服务/太空旅游/轨道太空旅游,,
1-5-2-5-1-3,太空酒店,6,1-5-2-5-1,太空旅游,航空航天/运营与配套服务/航天运营与服务/太空服务/太空旅游/太空酒店,,
1-5-2-5-2,在轨服务,5,1-5-2-5,太空服务,航空航天/运营与配套服务/航天运营与服务/太空服务/在轨服务,,
1-5-2-5-2-1,在轨加注服务,6,1-5-2-5-2,在轨服务,航空航天/运营与配套服务/航天运营与服务/太空服务/在轨服务/在轨加注服务,,
1-5-2-5-2-2,在轨维修服务,6,1-5-2-5-2,在轨服务,航空航天/运营与配套服务/航天运营与服务/太空服务/在轨服务/在轨维修服务,,
1-5-2-5-2-3,在轨组装服务,6,1-5-2-5-2,在轨服务,航空航天/运营与配套服务/航天运营与服务/太空服务/在轨服务/在轨组装服务,,
1-5-2-5-2-4,太空碎片清除服务,6,1-5-2-5-2,在轨服务,航空航天/运营与配套服务/航天运营与服务/太空服务/在轨服务/太空碎片清除服务,,
1-5-2-5-3,太空资源开发,5,1-5-2-5,太空服务,航空航天/运营与配套服务/航天运营与服务/太空服务/太空资源开发,,
1-5-2-5-3-1,月球资源开发,6,1-5-2-5-3,太空资源开发,航空航天/运营与配套服务/航天运营与服务/太空服务/太空资源开发/月球资源开发,,
1-5-2-5-3-2,小行星采矿,6,1-5-2-5-3,太空资源开发,航空航天/运营与配套服务/航天运营与服务/太空服务/太空资源开发/小行星采矿,,
1-5-2-5-3-3,太空制造,6,1-5-2-5-3,太空资源开发,航空航天/运营与配套服务/航天运营与服务/太空服务/太空资源开发/太空制造,,
1-5-2-5-3-4,太空能源开发,6,1-5-2-5-3,太空资源开发,航空航天/运营与配套服务/航天运营与服务/太空服务/太空资源开发/太空能源开发,
